Year,Congress,Session,Vote_Number,Yeas,Nays,Question
1999,106,1,1,100,0,On the Resolution (S.Res.16)
1999,106,1,2,43,57,On the Motion (Harkin motion to suspend the rules)
1999,106,1,3,41,58,On the Motion (Harkin motion to suspend the rules)
1999,106,1,4,44,56,On the Motion (Byrd motion to dismiss the impeachment proceedings)
1999,106,1,5,56,44,"On the Motion (House Mgrs. motion to subpoena witnesses, admit evidence not in recor)"
1999,106,1,6,44,54,On the Amendment S.Amdt. 1 to S.Res. 30 (No short title on file)
1999,106,1,7,43,55,On the Amendment S.Amdt. 2 to S.Res. 30 (No short title on file)
1999,106,1,8,54,44,On the Resolution (S.Res. 30 as amended)
1999,106,1,9,100,0,On the Motion (Division I of House Mngrs. Motion RE: Admission of Evidence)
1999,106,1,10,30,70,On the Motion (Division III House Mgrs Motion Re: Appearance of Witnesses)
1999,106,1,11,27,73,On the Motion (Murray Motion to Substitute Division III of House Motion)
1999,106,1,12,62,38,On the Motion (Division III House Mgrs Motion Re: Presentation of Evidence)
1999,106,1,13,44,56,On the Motion (Daschle motion to proceed to closing arguments.)
1999,106,1,14,46,54,On the Motion (White House Counsel - motion on video excerpts from depositions)
1999,106,1,15,59,41,On the Motion (Lott motion to suspend the rules.)
1999,106,1,16,53,47,On the Motion (Lott motion to close the doors.)
1999,106,1,17,45,55,Guilty or Not Guilty H.Res. 611
1999,106,1,18,50,50,Guilty or Not Guilty H.Res. 611
1999,106,1,19,43,56,On the Motion (Gramm Motion to Postpone)
1999,106,1,20,87,11,"On the Amendment S.Amdt. 9 to S. 4 (Soldiers', Sailors', Airmen's, and Marines' Bill of Rights Act of 1999)"
1999,106,1,21,100,0,"On the Amendment S.Amdt. 18 to S. 4 (Soldiers', Sailors', Airmen's, and Marines' Bill of Rights Act of 1999)"
1999,106,1,22,94,6,"On the Amendment S.Amdt. 19 to S. 4 (Soldiers', Sailors', Airmen's, and Marines' Bill of Rights Act of 1999)"
1999,106,1,23,100,0,"On the Amendment S.Amdt. 6 to S. 4 (Soldiers', Sailors', Airmen's, and Marines' Bill of Rights Act of 1999)"
1999,106,1,24,0,100,"On the Motion to Table S.Amdt. 26 to S. 4 (Soldiers', Sailors', Airmen's, and Marines' Bill of Rights Act of 1999)"
1999,106,1,25,80,20,"On the Point of Order S.Amdt. 29 to S. 4 (Soldiers', Sailors', Airmen's, and Marines' Bill of Rights Act of 1999)"
1999,106,1,26,91,8,On Passage of the Bill S. 4
1999,106,1,27,99,0,On the Resolution S.Res. 45
1999,106,1,28,99,0,On Passage of the Bill S. 314
1999,106,1,29,92,6,On the Resolution S.Res. 7
1999,106,1,30,55,42,On the Motion to Table S.Amdt. 32 to S.Amdt. 31 to S. 280 (Education Flexibility Partnership Act of 1999)
1999,106,1,31,100,0,On the Amendment S.Amdt. 36 to S.Amdt. 35 to S.Amdt. 31 to S. 280
1999,106,1,32,54,43,On the Motion to Table S.Amdt. 38 to S.Amdt. 31 to S. 280 (Education Flexibility Partnership Act of 1999)
1999,106,1,33,0,88,On the Motion to Table S.Amdt. 40 to S. 280 (Education Flexibility Partnership Act of 1999)
1999,106,1,34,54,41,On the Cloture Motion S.Amdt. 31 to S. 280 (Education Flexibility Partnership Act of 1999)
1999,106,1,35,55,39,On the Cloture Motion S.Amdt. 31 to S. 280 (Education Flexibility Partnership Act of 1999)
1999,106,1,36,44,55,On the Cloture Motion S. 280
1999,106,1,37,55,44,On the Cloture Motion S.Amdt. 37 to S.Amdt. 35 to S.Amdt. 31 to S. 280
1999,106,1,38,98,1,On the Concurrent Resolution S.Con.Res. 5
1999,106,1,39,38,61,On the Motion to Table S.Amdt. 60 to S.Amdt. 31 to S. 280 (Education Flexibility Partnership Act of 1999)
1999,106,1,40,60,39,On the Amendment S.Amdt. 60 to S.Amdt. 31 to S. 280 (Education Flexibility Partnership Act of 1999)
1999,106,1,41,55,44,On the Motion to Table S.Amdt. 64 to S.Amdt. 31 to S. 280 (Education Flexibility Partnership Act of 1999)
1999,106,1,42,61,38,On the Amendment S.Amdt. 66 to S.Amdt. 31 to S. 280 (Education Flexibility Partnership Act of 1999)
1999,106,1,43,55,44,On the Motion to Table S.Amdt. 63 to S.Amdt. 31 to S. 280 (Education Flexibility Partnership Act of 1999)
1999,106,1,44,55,44,On the Motion to Table S.Amdt. 65 to S.Amdt. 31 to S. 280 (Education Flexibility Partnership Act of 1999)
1999,106,1,45,78,21,On the Amendment S.Amdt. 68 to S.Amdt. 31 to S. 280 (Education Flexibility Partnership Act of 1999)
1999,106,1,46,59,40,On the Motion to Table S.Amdt. 61 to S.Amdt. 31 to S. 280 (Education Flexibility Partnership Act of 1999)
1999,106,1,47,57,42,On the Motion to Table S.Amdt. 62 to S.Amdt. 31 to S. 280 (Education Flexibility Partnership Act of 1999)
1999,106,1,48,98,1,On Passage of the Bill H.R. 800
1999,106,1,49,99,0,On the Amendment S.Amdt. 69 to S. 257 (National Missile Defense Act of 1999)
1999,106,1,50,99,0,On the Amendment S.Amdt. 72 to S. 257 (National Missile Defense Act of 1999)
1999,106,1,51,97,3,On Passage of the Bill S. 257
1999,106,1,52,100,0,On Passage of the Bill S. 643
1999,106,1,53,71,29,On the Motion to Table S.Amdt. 77 to S. 544 (Emergency Oil and Gas Guaranteed Loan Program Act)
1999,106,1,54,69,30,On the Motion to Table S.Amdt. 89 to S. 544 (Emergency Oil and Gas Guaranteed Loan Program Act)
1999,106,1,55,55,44,On the Cloture Motion S.Amdt. 124 to S.Amdt. 81 to S. 544 (Emergency Oil and Gas Guaranteed Loan Program Act)
1999,106,1,56,40,59,On the Motion to Table S.Amdt. 130 to S. 544 (Emergency Oil and Gas Guaranteed Loan Program Act)
1999,106,1,57,58,41,On the Concurrent Resolution S.Con.Res. 21
1999,106,1,58,99,0,On the Amendment S.Amdt. 143 to S.Con.Res. 20 (No short title on file)
1999,106,1,59,45,54,On the Motion (Motion to Waive CBA re: Lautenberg Amdt No 144)
1999,106,1,60,99,0,On the Amendment S.Amdt. 145 to S.Con.Res. 20 (No short title on file)
1999,106,1,61,45,54,On the Motion (Motion to waive CBA re: Conrad Amdt No 144)
1999,106,1,62,97,2,On the Motion to Table S.Amdt. 151 to S.Con.Res. 20 (No short title on file)
1999,106,1,63,99,0,On the Amendment S.Amdt. 153 to S.Con.Res. 20 (No short title on file)
1999,106,1,64,47,52,On the Motion (Motion to waive CBA RE: Specter Amdt. No. 157)
1999,106,1,65,56,43,On the Amendment S.Amdt. 176 to S.Con.Res. 20 (No short title on file)
1999,106,1,66,53,46,On the Motion to Table S.Amdt. 177 to S.Con.Res. 20 (No short title on file)
1999,106,1,67,98,0,On Passage of the Bill S.Res. 57
1999,106,1,68,97,1,On the Amendment S.Amdt. 212 to S.Con.Res. 20 (No short title on file)
1999,106,1,69,49,50,On the Motion (Motion to Waive CBA: Reed Amdt. No.162)
1999,106,1,70,52,47,On the Motion (Motion to Waive CBA re: Craig Amdt.No. 146)
1999,106,1,71,67,32,On the Motion to Table S.Amdt. 161 to S.Con.Res. 20 (No short title on file)
1999,106,1,72,54,45,On the Motion to Table S.Amdt. 192 to S.Con.Res. 20 (No short title on file)
1999,106,1,73,42,57,On the Motion (Motion to waive CBA re: Crapo Amdt. No.163)
1999,106,1,74,40,57,On the Motion to Table S.Amdt. 160 to S.Con.Res. 20 (No short title on file)
1999,106,1,75,53,45,On the Motion to Table S.Amdt. 178 to S.Con.Res. 20 (No short title on file)
1999,106,1,76,54,44,On the Motion (Motion to waive Snowe Amdt. No. 232)
1999,106,1,77,45,53,On the Motion (Motion to waive CBA Re: Kennedy Amdt. No. 195)
1999,106,1,78,24,74,On the Amendment S.Amdt. 174 to S.Con.Res. 20 (No short title on file)
1999,106,1,79,54,45,On the Motion to Table S.Amdt. 196 to S.Con.Res. 20 (No short title on file)
1999,106,1,80,45,54,On the Motion (Motion to waive Re: Lautenberg Amdt. No. 190)
1999,106,1,81,55,44,On Passage of the Bill H.Con.Res. 68
1999,106,1,82,98,0,On the Motion (Lautenberg Motion to Instruct Conferees re: H.Con.Res 68)
1999,106,1,83,57,42,On the Motion (Domenici Motion to Instruct Conferees Re: H.Con.Res. 68)
1999,106,1,84,54,45,On the Motion to Table H.Con.Res. 68
1999,106,1,85,66,33,On the Motion (Dodd motion to instruct conferees re: H.Con.Res.68)
1999,106,1,86,54,44,On the Conference Report H.Con.Res. 68
1999,106,1,87,95,0,On Passage of the Bill H.R. 1376
1999,106,1,88,86,0,On Passage of the Bill S. 531
1999,106,1,89,98,1,On the Conference Report H.R. 800
1999,106,1,90,54,45,On the Cloture Motion S.Amdt. 254 to S. 557 (No short title on file)
1999,106,1,91,94,0,On the Cloture Motion S. 96
1999,106,1,92,99,0,On the Concurrent Resolution H.Con.Res. 92
1999,106,1,93,98,1,On the Motion for Attendance S. 96
1999,106,1,94,55,44,On the Motion to Table the Motion to Recommit S. 96
1999,106,1,95,52,47,On the Cloture Motion S.Amdt. 267 to S. 96 (Y2K Act)
1999,106,1,96,49,44,On the Cloture Motion S.Amdt. 255 to S.Amdt. 254 to S. 557 (No short title on file)
1999,106,1,97,93,0,On the Resolution S.Res. 33
1999,106,1,98,78,22,On the Motion to Table S.J.Res. 20
1999,106,1,99,92,0,On the Resolution S.Res. 94
1999,106,1,100,54,43,On the Motion to Table S.Amdt. 300 to S.J.Res. 20 (No short title on file)
1999,106,1,101,52,45,On the Motion to Table S.Amdt. 303 to S. 900 (Gramm-Leach-Bliley Act)
1999,106,1,102,95,2,On the Amendment S.Amdt. 308 to S. 900 (Gramm-Leach-Bliley Act)
1999,106,1,103,32,67,On the Motion to Table S.Amdt. 309 to S. 900 (Gramm-Leach-Bliley Act)
1999,106,1,104,53,46,On the Motion to Table S.Amdt. 315 to S. 900 (Gramm-Leach-Bliley Act)
1999,106,1,105,54,44,On Passage of the Bill S. 900
1999,106,1,106,94,5,On the Amendment S.Amdt. 324 to S.Amdt. 322 to S. 254 (School Safety Act of 1999)
1999,106,1,107,55,44,On the Motion to Table S.Amdt. 325 to S.Amdt. 322 to S. 254 (School Safety Act of 1999)
1999,106,1,108,96,3,On the Amendment S.Amdt. 322 to S. 254 (School Safety Act of 1999)
1999,106,1,109,54,44,On the Motion to Table S.Amdt. 327 to S. 254 (School Safety Act of 1999)
1999,106,1,110,98,0,On the Amendment S.Amdt. 329 to S. 254 (School Safety Act of 1999)
1999,106,1,111,51,47,On the Motion to Table S.Amdt. 331 to S. 254 (School Safety Act of 1999)
1999,106,1,112,53,45,On the Amendment S.Amdt. 332 to S. 254 (School Safety Act of 1999)
1999,106,1,113,100,0,On the Amendment S.Amdt. 335 to S. 254 (School Safety Act of 1999)
1999,106,1,114,60,39,On the Motion to Table S.Amdt. 328 to S. 254 (School Safety Act of 1999)
1999,106,1,115,96,2,On the Amendment S.Amdt. 342 to S. 254 (School Safety Act of 1999)
1999,106,1,116,39,59,On the Motion to Table S.Amdt. 343 to S. 254 (School Safety Act of 1999)
1999,106,1,117,3,94,On the Motion to Table S.Amdt. 344 to S. 254 (School Safety Act of 1999)
1999,106,1,118,48,47,On the Amendment S.Amdt. 344 to S. 254 (School Safety Act of 1999)
1999,106,1,119,50,43,On the Motion to Table S.Amdt. 350 to S. 254 (School Safety Act of 1999)
1999,106,1,120,53,45,On the Cloture Motion S. 96
1999,106,1,121,85,13,On the Amendment S.Amdt. 351 to S. 254 (School Safety Act of 1999)
1999,106,1,122,78,20,On the Amendment S.Amdt. 352 to S. 254 (School Safety Act of 1999)
1999,106,1,123,85,13,On the Amendment S.Amdt. 353 to S. 254 (School Safety Act of 1999)
1999,106,1,124,80,17,On the Amendment S.Amdt. 339 to S. 254 (School Safety Act of 1999)
1999,106,1,125,55,44,On the Motion to Table S.Amdt. 359 to S. 254 (School Safety Act of 1999)
1999,106,1,126,26,73,On the Amendment S.Amdt. 348 to S. 254 (School Safety Act of 1999)
1999,106,1,127,56,43,On the Amendment S.Amdt. 357 to S. 254 (School Safety Act of 1999)
1999,106,1,128,61,38,On the Motion to Table S.Amdt. 358 to S. 254 (School Safety Act of 1999)
1999,106,1,129,81,17,On the Amendment S.Amdt. 360 to S. 254 (School Safety Act of 1999)
1999,106,1,130,52,48,On the Motion to Table S.Amdt. 364 to S. 254 (School Safety Act of 1999)
1999,106,1,131,67,33,On the Amendment S.Amdt. 365 to S. 254 (School Safety Act of 1999)
1999,106,1,132,53,47,On the Motion to Table S.Amdt. 319 to S. 254 (School Safety Act of 1999)
1999,106,1,133,79,21,On the Amendment S.Amdt. 366 to S. 254 (School Safety Act of 1999)
1999,106,1,134,50,50,On the Amendment S.Amdt. 362 to S. 254 (School Safety Act of 1999)
1999,106,1,135,70,30,On the Motion (Motion to waive CBA re: conference to accompany H.R.1141)
1999,106,1,136,64,36,On the Conference Report H.R. 1141
1999,106,1,137,75,24,On the Amendment S.Amdt. 355 to S. 254 (School Safety Act of 1999)
1999,106,1,138,41,56,On the Amendment S.Amdt. 345 to S. 254 (School Safety Act of 1999)
1999,106,1,139,48,50,On the Amendment S.Amdt. 371 to S. 254 (School Safety Act of 1999)
1999,106,1,140,73,25,On Passage of the Bill S. 254
1999,106,1,141,90,0,On the Amendment S.Amdt. 384 to S. 1059 (National Defense Authorization Act for Fiscal Year 2000)
1999,106,1,142,52,47,On the Amendment S.Amdt. 388 to S. 1059 (National Defense Authorization Act for Fiscal Year 2000)
1999,106,1,143,87,12,On the Amendment S.Amdt. 377 to S. 1059 (National Defense Authorization Act for Fiscal Year 2000)
1999,106,1,144,49,50,On the Amendment S.Amdt. 382 to S. 1059 (National Defense Authorization Act for Fiscal Year 2000)
1999,106,1,145,52,48,On the Motion to Table S.Amdt. 383 to S. 1059 (National Defense Authorization Act for Fiscal Year 2000)
1999,106,1,146,49,51,On the Amendment S.Amdt. 392 to S. 1059 (National Defense Authorization Act for Fiscal Year 2000)
1999,106,1,147,40,60,On the Amendment S.Amdt. 393 to S. 1059 (National Defense Authorization Act for Fiscal Year 2000)
1999,106,1,148,51,49,On the Motion to Table S.Amdt. 397 to S. 1059 (National Defense Authorization Act for Fiscal Year 2000)
1999,106,1,149,56,44,On the Motion to Table S.Amdt. 395 to S. 1059 (National Defense Authorization Act for Fiscal Year 2000)
1999,106,1,150,51,49,On the Motion to Reconsider S.Amdt. 392 to S. 1059 (National Defense Authorization Act for Fiscal Year 2000)
1999,106,1,151,77,21,On the Motion to Table S.Amdt. 406 to S. 1059 (National Defense Authorization Act for Fiscal Year 2000)
1999,106,1,152,98,0,On the Amendment S.Amdt. 442 to S. 1059 (National Defense Authorization Act for Fiscal Year 2000)
1999,106,1,153,87,11,On the Motion to Table S.Amdt. 443 to S. 1059 (National Defense Authorization Act for Fiscal Year 2000)
1999,106,1,154,92,3,On Passage of the Bill S. 1059
1999,106,1,155,93,0,"On the Amendment S.Amdt. 540 to S. 1122 (Department of Defense Appropriations Act, 2000)"
1999,106,1,156,16,81,"On the Amendment S.Amdt. 584 to S. 1122 (Department of Defense Appropriations Act, 2000)"
1999,106,1,157,66,31,"On the Motion to Table S.Amdt. 541 to S. 1122 (Department of Defense Appropriations Act, 2000)"
1999,106,1,158,93,4,On Passage of the Bill S. 1122
1999,106,1,159,57,41,On the Motion to Table S.Amdt. 610 to S.Amdt. 608 to S. 96 (Y2K Act)
1999,106,1,160,32,65,On the Amendment S.Amdt. 611 to S.Amdt. 608 to S. 96 (Y2K Act)
1999,106,1,161,41,57,On the Amendment S.Amdt. 619 to S.Amdt. 608 to S. 96 (Y2K Act)
1999,106,1,162,36,62,On the Amendment S.Amdt. 620 to S.Amdt. 608 to S. 96 (Y2K Act)
1999,106,1,163,66,32,On the Motion to Table S.Amdt. 621 to S.Amdt. 608 to S. 96 (Y2K Act)
1999,106,1,164,71,28,On the Amendment S.Amdt. 624 to S.Amdt. 608 to S. 96 (Y2K Act)
1999,106,1,165,62,37,On Passage of the Bill H.R. 775
1999,106,1,166,53,46,On the Cloture Motion S.Amdt. 297 to S.Amdt. 296 to S. 557 (No short title on file)
1999,106,1,167,71,28,On the Cloture Motion H.R. 1664
1999,106,1,168,97,2,On Passage of the Bill S. 1205
1999,106,1,169,99,0,On Passage of the Bill S. 331
1999,106,1,170,55,44,On the Cloture Motion H.R. 1259
1999,106,1,171,60,39,On the Motion (Motion to Table the Decision of the Chair Re: Motion to Recommit)
1999,106,1,172,97,2,On Passage of the Bill S. 1186
1999,106,1,173,95,4,On Passage of the Bill H.R. 1905
1999,106,1,174,64,34,"On the Motion to Table S.Amdt. 685 to H.R. 1664 (Kosovo and Southwest Asia Emergency Supplemental Appropriations Act, 1999)"
1999,106,1,175,59,38,"On the Motion to Table S.Amdt. 686 to H.R. 1664 (Kosovo and Southwest Asia Emergency Supplemental Appropriations Act, 1999)"
1999,106,1,176,63,34,On Passage of the Bill H.R. 1664
1999,106,1,177,88,0,On the Amendment S.Amdt. 689 to S. 886 (United Nations Reform Act of 1999)
1999,106,1,178,42,57,On Cloture on the Motion to Proceed H.R. 975
1999,106,1,179,23,76,On the Amendment S.Amdt. 692 to S. 886 (United Nations Reform Act of 1999)
1999,106,1,180,97,2,On Passage of the Bill S. 886
1999,106,1,181,45,55,"On the Motion to Table S.Amdt. 703 to S.Amdt. 702 to S. 1233 (Agriculture, Rural Development, Food and Drug Administration, and Related Agencies Appropriations Act, 2000)"
1999,106,1,182,53,47,"On the Motion to Table S.Amdt. 702 to S. 1233 (Agriculture, Rural Development, Food and Drug Administration, and Related Agencies Appropriations Act, 2000)"
1999,106,1,183,97,1,On the Motion for Attendance S. 1233
1999,106,1,184,50,37,On the Cloture Motion S. 1233
1999,106,1,185,49,40,On the Cloture Motion S. 1143
1999,106,1,186,49,39,On the Cloture Motion S. 1217
1999,106,1,187,49,41,On the Cloture Motion S. 1234
1999,106,1,188,98,0,"On the Amendment S.Amdt. 1179 to S. 1234 (Foreign Operations, Export Financing, and Related Programs Appropriations Act, 2000)"
1999,106,1,189,55,43,"On the Motion to Table S.Amdt. 1157 to S. 1234 (Foreign Operations, Export Financing, and Related Programs Appropriations Act, 2000)"
1999,106,1,190,94,4,On the Nomination PN129 and PN130 and PN46 and PN38 and PN37
1999,106,1,191,53,45,"On the Amendment S.Amdt. 1119 to S.Amdt. 1118 to S. 1234 (Foreign Operations, Export Financing, and Related Programs Appropriations Act, 2000)"
1999,106,1,192,97,2,On Passage of the Bill S. 1234
1999,106,1,193,99,1,On the Cloture Motion S. 557
1999,106,1,194,58,40,On the Motion to Table S.Amdt. 1214 to S. 1282 (Federal Employees Child Care Act)
1999,106,1,195,97,2,On the Nomination PN341
1999,106,1,196,81,18,On the Conference Report H.R. 775
1999,106,1,197,47,51,On the Motion to Table S.Amdt. 1200 to S. 1282 (Federal Employees Child Care Act)
1999,106,1,198,48,52,On the Amendment S.Amdt. 1237 to S.Amdt. 1236 to S. 1344 (Patients' Bill of Rights Plus Act)
1999,106,1,199,52,48,On the Amendment S.Amdt. 1238 to S.Amdt. 1236 to S. 1344 (Patients' Bill of Rights Plus Act)
1999,106,1,200,52,48,On the Amendment S.Amdt. 1236 to S. 1344 (Patients' Bill of Rights Plus Act)
1999,106,1,201,47,53,On the Amendment S.Amdt. 1235 to S.Amdt. 1233 to S.Amdt. 1232 to S. 1344
1999,106,1,202,53,47,On the Amendment S.Amdt. 1234 to S.Amdt. 1233 to S.Amdt. 1232 to S. 1344
1999,106,1,203,55,45,On the Amendment S.Amdt. 1241 to S.Amdt. 1239 to S.Amdt. 1232 to S. 1344
1999,106,1,204,48,52,On the Amendment S.Amdt. 1242 to S.Amdt. 1239 to S.Amdt. 1232 to S. 1344
1999,106,1,205,47,53,On the Amendment S.Amdt. 1245 to S.Amdt. 1243 to S. 1344 (Patients' Bill of Rights Plus Act)
1999,106,1,206,53,47,On the Amendment S.Amdt. 1250 to S.Amdt. 1243 to S. 1344 (Patients' Bill of Rights Plus Act)
1999,106,1,207,54,46,On the Amendment S.Amdt. 1243 to S. 1344 (Patients' Bill of Rights Plus Act)
1999,106,1,208,54,46,On the Amendment S.Amdt. 1252 to S.Amdt. 1251 to S.Amdt. 1232 to S. 1344
1999,106,1,209,48,52,On the Amendment S.Amdt. 1253 to S.Amdt. 1251 to S.Amdt. 1232 to S. 1344
1999,106,1,210,53,47,On Passage of the Bill S. 1344
1999,106,1,211,52,43,On the Cloture Motion S.Amdt. 297 to S.Amdt. 296 to S. 557 (No short title on file)
1999,106,1,212,99,0,On the Cloture Motion H.R. 1555
1999,106,1,213,12,87,On the Motion to Discharge S.J.Res. 27
1999,106,1,214,5,94,On the Motion to Discharge S.J.Res. 28
1999,106,1,215,44,54,On the Amendment S.Amdt. 1261 to S.Amdt. 1258 to H.R. 1555 (Foreign Narcotics Kingpin Designation Act)
1999,106,1,216,96,1,On the Amendment S.Amdt. 1258 to H.R. 1555 (Foreign Narcotics Kingpin Designation Act)
1999,106,1,217,43,54,On the Amendment S.Amdt. 1302 to S. 1217 (Hate Crimes Prevention Act of 1999)
1999,106,1,218,45,52,On the Motion to Table S.Amdt. 1301 to S. 1217 (Hate Crimes Prevention Act of 1999)
1999,106,1,219,56,40,On the Motion to Table S.Amdt. 1303 to S. 1217 (Hate Crimes Prevention Act of 1999)
1999,106,1,220,35,61,On the Motion to Table S.Amdt. 1306 to S. 1217 (Hate Crimes Prevention Act of 1999)
1999,106,1,221,47,51,On the Amendment S.Amdt. 1343 to S.Res. 160 (No short title on file)
1999,106,1,222,53,45,On the Resolution S.Res. 160
1999,106,1,223,55,41,"On the Motion to Table S.Amdt. 1360 to H.R. 2466 (Department of the Interior and Related Agencies Appropriations Act, 2000)"
1999,106,1,224,77,22,On the Cloture Motion S.Amdt. 1344 to H.R. 1501 (Juvenile Justice Reform Act of 1999)
1999,106,1,225,51,48,On the Motion (Motion to Waive the CBA Re: Section 1502 of S.1429)
1999,106,1,226,39,60,On the Amendment S.Amdt. 1384 to S. 1429 (Taxpayer Refund Act of 1999)
1999,106,1,227,54,46,On the Motion (Motion to Waive C.B.A. Re: Abraham Amdt. No. 1398)
1999,106,1,228,42,58,On the Motion (Motion to Waive C.B.A. Re: Baucus Motion to Recommit S. 1429)
1999,106,1,229,46,54,On the Motion (Motion to Waive C.B.A. Re: Robb Amdt. No. 1401)
1999,106,1,230,46,54,On the Motion (Motion to Waive C.B.A. Re: Gramm Amdt. No. 1405)
1999,106,1,231,45,55,On the Motion (Motion to Waive C.B.A. Re: Kennedy Motion to Recommit)
1999,106,1,232,48,52,On the Motion (Motion to Waive CBA Re: Bingaman Amendment No.1462)
1999,106,1,233,98,2,On the Amendment S.Amdt. 1472 to S. 1429 (Taxpayer Refund Act of 1999)
1999,106,1,234,50,50,On the Motion (Motion to Waive the CBA Re: Kerry Motion to Recommit S.1429)
1999,106,1,235,54,46,On the Motion (Motion to Waive the CBA Re: Frist Amendment No.1467)
1999,106,1,236,55,45,On the Motion to Table the Motion to Recommit S. 1429
1999,106,1,237,65,35,On the Motion to Table the Motion to Recommit S. 1429
1999,106,1,238,13,87,On the Motion (Motion to Waive the CBA Re: McCain Amendment No.1397)
1999,106,1,239,46,54,On the Motion (Motion to Waive the CBA Re: Kennedy Amendment No.1383)
1999,106,1,240,35,65,On the Motion (Motion to Waive the CBA Re: Specter Amendment No.1386)
1999,106,1,241,53,47,On the Motion (Motion to Waive the CBA Re: Schumer Amendment No.1416)
1999,106,1,242,55,45,On the Motion to Table the Motion to Recommit S. 1429
1999,106,1,243,58,42,On the Motion (Motion to Waive the CBA Re: Wellstone Motion to Recommit S.1429)
1999,106,1,244,46,54,On the Motion (Motion to Waive the CBA Re: Conrad Amendment No. 1439)
1999,106,1,245,48,52,On the Motion (Motion to Waive the CBA Re: Harkin Amendment No.1454)
1999,106,1,246,23,77,On the Amendment S.Amdt. 1456 to S. 1429 (Taxpayer Refund Act of 1999)
1999,106,1,247,57,43,On Passage of the Bill S. 1429
1999,106,1,248,93,0,On Passage of the Bill S. 335
1999,106,1,249,47,51,"On the Motion to Table S.Amdt. 1500 to S.Amdt. 1499 to S. 1233 (Agriculture, Rural Development, Food and Drug Administration, and Related Agencies Appropriations Act, 2000)"
1999,106,1,250,54,44,"On the Motion to Table S.Amdt. 1506 to S.Amdt. 1499 to S. 1233 (Agriculture, Rural Development, Food and Drug Administration, and Related Agencies Appropriations Act, 2000)"
1999,106,1,251,28,70,"On the Motion to Table S.Amdt. 1507 to S.Amdt. 1499 to S. 1233 (Agriculture, Rural Development, Food and Drug Administration, and Related Agencies Appropriations Act, 2000)"
1999,106,1,252,53,47,On the Cloture Motion S. 1233
1999,106,1,253,66,33,"On the Motion to Table S.Amdt. 1509 to S.Amdt. 1499 to S. 1233 (Agriculture, Rural Development, Food and Drug Administration, and Related Agencies Appropriations Act, 2000)"
1999,106,1,254,66,33,"On the Motion to Table S.Amdt. 1510 to S.Amdt. 1499 to S. 1233 (Agriculture, Rural Development, Food and Drug Administration, and Related Agencies Appropriations Act, 2000)"
1999,106,1,255,55,44,"On the Motion to Table S.Amdt. 1514 to S.Amdt. 1499 to S. 1233 (Agriculture, Rural Development, Food and Drug Administration, and Related Agencies Appropriations Act, 2000)"
1999,106,1,256,51,48,"On the Motion to Table S.Amdt. 1517 to S.Amdt. 1499 to S. 1233 (Agriculture, Rural Development, Food and Drug Administration, and Related Agencies Appropriations Act, 2000)"
1999,106,1,257,89,8,"On the Amendment S.Amdt. 1499 to S. 1233 (Agriculture, Rural Development, Food and Drug Administration, and Related Agencies Appropriations Act, 2000)"
1999,106,1,258,52,43,"On the Motion to Table S.Amdt. 1522 to S.Amdt. 1521 to S. 1233 (Agriculture, Rural Development, Food and Drug Administration, and Related Agencies Appropriations Act, 2000)"
1999,106,1,259,81,16,On the Nomination PN135
1999,106,1,260,80,16,On the Motion to Table H.R. 2466
1999,106,1,261,50,49,On the Conference Report H.R. 2488
1999,106,1,262,93,1,On the Nomination PN148
1999,106,1,263,93,1,On the Nomination PN175
1999,106,1,264,49,49,On Cloture on the Motion to Proceed H.R. 2084
1999,106,1,265,54,44,"On the Amendment S.Amdt. 1621 to H.R. 2466 (Department of the Interior and Related Agencies Appropriations Act, 2000)"
1999,106,1,266,45,52,"On the Amendment S.Amdt. 1583 to H.R. 2466 (Department of the Interior and Related Agencies Appropriations Act, 2000)"
1999,106,1,267,2,96,"On the Motion to Table S.Amdt. 1603 to H.R. 2466 (Department of the Interior and Related Agencies Appropriations Act, 2000)"
1999,106,1,268,64,32,"On the Motion to Table S.Amdt. 1571 to H.R. 2466 (Department of the Interior and Related Agencies Appropriations Act, 2000)"
1999,106,1,269,58,37,"On the Motion to Table S.Amdt. 1591 to H.R. 2466 (Department of the Interior and Related Agencies Appropriations Act, 2000)"
1999,106,1,270,93,0,On Cloture on the Motion to Proceed S.J.Res. 33
1999,106,1,271,55,40,"On the Cloture Motion S.Amdt. 1603 to H.R. 2466 (Department of the Interior and Related Agencies Appropriations Act, 2000)"
1999,106,1,272,54,43,"On the Motion to Table S.Amdt. 1588 to H.R. 2466 (Department of the Interior and Related Agencies Appropriations Act, 2000)"
1999,106,1,273,95,2,On the Joint Resolution S.J.Res. 33
1999,106,1,274,62,35,Whether the Amendment is Germane H.R. 2084
1999,106,1,275,40,55,"On the Amendment S.Amdt. 1677 to H.R. 2084 (Department of Transportation and Related Agencies Appropriations Act, 2000)"
1999,106,1,276,94,0,"On the Amendment S.Amdt. 1658 to H.R. 2084 (Department of Transportation and Related Agencies Appropriations Act, 2000)"
1999,106,1,277,54,38,On the Conference Report H.R. 2490
1999,106,1,278,95,0,On Passage of the Bill H.R. 2084
1999,106,1,279,52,39,On the Conference Report H.R. 2587
1999,106,1,280,53,45,On the Cloture Motion S. 625
1999,106,1,281,55,44,On the Cloture Motion PN455
1999,106,1,282,45,54,On the Motion to Proceed PN33
1999,106,1,283,45,53,On the Motion to Proceed PN44
1999,106,1,284,93,5,On the Conference Report S. 1059
1999,106,1,285,36,63,On the Motion (Motion to Waive C.B.A. Re: Wellstone Amdt. No. 1747)
1999,106,1,286,61,38,"On the Motion to Table S.Amdt. 1757 to H.R. 2684 (Departments of Veterans Affairs and Housing and Urban Development, andand Independent Agencies Appropriations Act, 2000)"
1999,106,1,287,60,39,"On the Motion to Proceed S.Amdt. 1603 to H.R. 2466 (Department of the Interior and Related Agencies Appropriations Act, 2000)"
1999,106,1,288,60,39,"On the Motion to Reconsider S.Amdt. 1603 to H.R. 2466 (Department of the Interior and Related Agencies Appropriations Act, 2000)"
1999,106,1,289,60,39,"On the Cloture Motion S.Amdt. 1603 to H.R. 2466 (Department of the Interior and Related Agencies Appropriations Act, 2000)"
1999,106,1,290,51,47,"On the Amendment S.Amdt. 1603 to H.R. 2466 (Department of the Interior and Related Agencies Appropriations Act, 2000)"
1999,106,1,291,89,10,On Passage of the Bill H.R. 2466
1999,106,1,292,76,18,"On the Amendment S.Amdt. 1789 to H.R. 2684 (Departments of Veterans Affairs and Housing and Urban Development, andand Independent Agencies Appropriations Act, 2000)"
1999,106,1,293,51,42,On the Resolution S.Res. 186
1999,106,1,294,41,52,On the Resolution S.Res. 187
1999,106,1,295,96,3,On the Conference Report H.R. 2605
1999,106,1,296,98,1,On the Joint Resolution H.J.Res. 68
1999,106,1,297,53,45,"On the Amendment S.Amdt. 1805 to S. 1650 (Departments of Labor, Health and Human Services, and Education, and Related Agencies Appropriations Act, 2000)"
1999,106,1,298,54,44,"On the Motion to Table S.Amdt. 1804 to S. 1650 (Departments of Labor, Health and Human Services, and Education, and Related Agencies Appropriations Act, 2000)"
1999,106,1,299,54,45,"On the Motion to Table S.Amdt. 1809 to S. 1650 (Departments of Labor, Health and Human Services, and Education, and Related Agencies Appropriations Act, 2000)"
1999,106,1,300,50,49,"On the Motion to Table S.Amdt. 1834 to S.Amdt. 1812 to S. 1650 (Departments of Labor, Health and Human Services, and Education, and Related Agencies Appropriations Act, 2000)"
1999,106,1,301,51,44,"On the Motion to Table S.Amdt. 1820 to S. 1650 (Departments of Labor, Health and Human Services, and Education, and Related Agencies Appropriations Act, 2000)"
1999,106,1,302,39,57,"On the Motion to Table S.Amdt. 1821 to S. 1650 (Departments of Labor, Health and Human Services, and Education, and Related Agencies Appropriations Act, 2000)"
1999,106,1,303,41,54,"On the Motion to Table S.Amdt. 1813 to S. 1650 (Departments of Labor, Health and Human Services, and Education, and Related Agencies Appropriations Act, 2000)"
1999,106,1,304,44,51,"On the Motion to Table S.Amdt. 1885 to S.Amdt. 1846 to S. 1650 (Departments of Labor, Health and Human Services, and Education, and Related Agencies Appropriations Act, 2000)"
1999,106,1,305,93,0,"On the Amendment S.Amdt. 1824 to S. 1650 (Departments of Labor, Health and Human Services, and Education, and Related Agencies Appropriations Act, 2000)"
1999,106,1,306,88,3,On the Conference Report H.R. 2084
1999,106,1,307,45,54,On the Nomination PN49
1999,106,1,308,93,5,On the Nomination PN455
1999,106,1,309,69,29,On the Nomination PN147
1999,106,1,310,37,61,On the Amendment S.Amdt. 2259 to S.Amdt. 1892 to S. 82 (Air Transportation Improvement Act)
1999,106,1,311,30,68,On the Amendment S.Amdt. 1922 to S. 82 (Air Transportation Improvement Act)
1999,106,1,312,51,49,On the Conference Report H.R. 2606
1999,106,1,313,54,46,"On the Amendment S.Amdt. 1889 to S.Amdt. 1851 to S. 1650 (Departments of Labor, Health and Human Services, and Education, and Related Agencies Appropriations Act, 2000)"
1999,106,1,314,54,46,"On the Motion to Table S.Amdt. 2267 to S.Amdt. 1851 to S. 1650 (Departments of Labor, Health and Human Services, and Education, and Related Agencies Appropriations Act, 2000)"
1999,106,1,315,56,43,"On the Motion to Table S.Amdt. 1819 to S. 1650 (Departments of Labor, Health and Human Services, and Education, and Related Agencies Appropriations Act, 2000)"
1999,106,1,316,50,49,"On the Motion to Table S.Amdt. 2268 to S. 1650 (Departments of Labor, Health and Human Services, and Education, and Related Agencies Appropriations Act, 2000)"
1999,106,1,317,53,45,"On the Motion to Table S.Amdt. 1861 to S. 1650 (Departments of Labor, Health and Human Services, and Education, and Related Agencies Appropriations Act, 2000)"
1999,106,1,318,98,1,"On the Amendment S.Amdt. 1842 to S. 1650 (Departments of Labor, Health and Human Services, and Education, and Related Agencies Appropriations Act, 2000)"
1999,106,1,319,2,97,"On the Motion to Table S.Amdt. 1825 to S. 1650 (Departments of Labor, Health and Human Services, and Education, and Related Agencies Appropriations Act, 2000)"
1999,106,1,320,59,40,"On the Motion to Table S.Amdt. 1844 to S. 1650 (Departments of Labor, Health and Human Services, and Education, and Related Agencies Appropriations Act, 2000)"
1999,106,1,321,73,25,On Passage of the Bill S. 1650
1999,106,1,322,79,20,On the Cloture Motion H.R. 1906
1999,106,1,323,74,26,On the Conference Report H.R. 1906
1999,106,1,324,55,45,On the Motion to Proceed Treaty Doc. 105-28
1999,106,1,325,48,51,On the Resolution of Ratification Treaty Doc. 105-28
1999,106,1,326,87,11,On the Conference Report H.R. 2561
1999,106,1,327,77,20,On the Amendment S.Amdt. 2294 to S. 1593 (Bipartisan Campaign Reform Act of 1999)
1999,106,1,328,93,5,On the Conference Report H.R. 2684
1999,106,1,329,1,92,On the Motion to Table S.Amdt. 2299 to S.Amdt. 2298 to S. 1593 (Bipartisan Campaign Reform Act of 1999)
1999,106,1,330,52,48,On the Cloture Motion S.Amdt. 2298 to S. 1593 (Bipartisan Campaign Reform Act of 1999)
1999,106,1,331,53,47,On the Cloture Motion S.Amdt. 2299 to S.Amdt. 2298 to S. 1593 (Bipartisan Campaign Reform Act of 1999)
1999,106,1,332,52,48,On the Motion to Proceed S. 1692
1999,106,1,333,53,47,On the Motion to Table S. 1692
1999,106,1,334,36,63,On the Motion to Table S.Amdt. 2322 to S. 1692 (Partial-Birth Abortion Ban Act of 2000)
1999,106,1,335,61,38,On the Motion to Table S.Amdt. 2319 to S. 1692 (Partial-Birth Abortion Ban Act of 2000)
1999,106,1,336,48,51,On the Motion to Table S.Amdt. 2321 to S.Amdt. 2320 to S.Amdt. 2319 to S. 1692
1999,106,1,337,51,47,On the Amendment S.Amdt. 2321 to S.Amdt. 2320 to S.Amdt. 2319 to S. 1692
1999,106,1,338,46,51,On the Amendment S.Amdt. 2324 to S. 1692 (Partial-Birth Abortion Ban Act of 2000)
1999,106,1,339,46,51,On the Amendment S.Amdt. 2323 to S. 1692 (Partial-Birth Abortion Ban Act of 2000)
1999,106,1,340,63,34,On Passage of the Bill S. 1692
1999,106,1,341,90,8,On Cloture on the Motion to Proceed H.R. 434
1999,106,1,342,45,46,On the Cloture Motion S.Amdt. 2325 to H.R. 434 (Trade and Development Act of 2000)
1999,106,1,343,49,48,On the Conference Report H.R. 3064
1999,106,1,344,74,23,On the Cloture Motion S.Amdt. 2325 to H.R. 434 (Trade and Development Act of 2000)
1999,106,1,345,54,43,On the Motion to Table S.Amdt. 2379 to S.Amdt. 2325 to H.R. 434 (Trade and Development Act of 2000)
1999,106,1,346,53,44,On the Motion to Table S.Amdt. 2428 to S.Amdt. 2325 to H.R. 434 (Trade and Development Act of 2000)
1999,106,1,347,57,40,On the Motion to Table S.Amdt. 2483 to S.Amdt. 2325 to H.R. 434 (Trade and Development Act of 2000)
1999,106,1,348,70,27,On the Motion to Table S.Amdt. 2485 to S.Amdt. 2325 to H.R. 434 (Trade and Development Act of 2000)
1999,106,1,349,66,31,On the Motion to Table S.Amdt. 2487 to S.Amdt. 2325 to H.R. 434 (Trade and Development Act of 2000)
1999,106,1,350,54,42,On the Motion to Table S.Amdt. 2347 to S.Amdt. 2325 to H.R. 434 (Trade and Development Act of 2000)
1999,106,1,351,96,0,On the Amendment S.Amdt. 2495 to S.Amdt. 2325 to H.R. 434 (Trade and Development Act of 2000)
1999,106,1,352,66,29,On the Motion to Table S.Amdt. 2427 to S.Amdt. 2325 to H.R. 434 (Trade and Development Act of 2000)
1999,106,1,353,76,19,On Passage of the Bill H.R. 434
1999,106,1,354,90,8,On the Conference Report S. 900
1999,106,1,355,94,0,On the Amendment S.Amdt. 1730 to S. 625 (Bankruptcy Judgeship Act of 1999)
1999,106,1,356,50,48,On the Motion to Table S.Amdt. 2751 to S. 625 (Bankruptcy Judgeship Act of 1999)
1999,106,1,357,54,44,On the Amendment S.Amdt. 2547 to S. 625 (Bankruptcy Judgeship Act of 1999)
1999,106,1,358,51,46,On the Motion to Table S.Amdt. 2521 to S. 625 (Bankruptcy Judgeship Act of 1999)
1999,106,1,359,59,38,On the Motion to Table S.Amdt. 2754 to S. 625 (Bankruptcy Judgeship Act of 1999)
1999,106,1,360,50,49,On the Amendment S.Amdt. 2771 to S. 625 (Bankruptcy Judgeship Act of 1999)
1999,106,1,361,96,2,On the Nomination PN619
1999,106,1,362,96,3,On the Nomination PN495
1999,106,1,363,29,69,On the Amendment S.Amdt. 2778 to S.Amdt. 2516 to S. 625 (Bankruptcy Judgeship Act of 1999)
1999,106,1,364,76,22,On the Amendment S.Amdt. 2516 to S. 625 (Bankruptcy Judgeship Act of 1999)
1999,106,1,365,45,51,On the Amendment S.Amdt. 2532 to S. 625 (Bankruptcy Judgeship Act of 1999)
1999,106,1,366,27,71,On the Amendment S.Amdt. 2752 to S. 625 (Bankruptcy Judgeship Act of 1999)
1999,106,1,367,54,43,On the Motion to Table S.Amdt. 2663 to S. 625 (Bankruptcy Judgeship Act of 1999)
1999,106,1,368,82,16,On the Amendment S.Amdt. 2756 to S. 625 (Bankruptcy Judgeship Act of 1999)
1999,106,1,369,80,8,On the Motion to Proceed H.R. 3194
1999,106,1,370,56,33,On the Amendment S.Amdt. 2780 to H.J.Res. 82 (No short title on file)
1999,106,1,371,88,1,On the Amendment S.Amdt. 2781 to H.J.Res. 82 (No short title on file)
1999,106,1,372,95,1,On the Conference Report H.R. 1180
1999,106,1,373,87,9,On the Cloture Motion H.R. 3194
1999,106,1,374,74,24,On the Conference Report H.R. 3194
