Year,Congress,Session,Member,First,Last,State,Party,v_115_1_001,v_115_1_002,v_115_1_003,v_115_1_004,v_115_1_005,v_115_1_006,v_115_1_007,v_115_1_008,v_115_1_009,v_115_1_010,v_115_1_011,v_115_1_012,v_115_1_013,v_115_1_014,v_115_1_015,v_115_1_016,v_115_1_017,v_115_1_018,v_115_1_019,v_115_1_020,v_115_1_021,v_115_1_022,v_115_1_023,v_115_1_024,v_115_1_025,v_115_1_026,v_115_1_027,v_115_1_028,v_115_1_029,v_115_1_030,v_115_1_031,v_115_1_032,v_115_1_033,v_115_1_034,v_115_1_035,v_115_1_036,v_115_1_037,v_115_1_038,v_115_1_039,v_115_1_040,v_115_1_041,v_115_1_042,v_115_1_043,v_115_1_044,v_115_1_045,v_115_1_046,v_115_1_047,v_115_1_048,v_115_1_049,v_115_1_050,v_115_1_051,v_115_1_052,v_115_1_053,v_115_1_054,v_115_1_055,v_115_1_056,v_115_1_057,v_115_1_058,v_115_1_059,v_115_1_060,v_115_1_061,v_115_1_062,v_115_1_063,v_115_1_064,v_115_1_065,v_115_1_066,v_115_1_067,v_115_1_068,v_115_1_069,v_115_1_070,v_115_1_071,v_115_1_072,v_115_1_073,v_115_1_074,v_115_1_075,v_115_1_076,v_115_1_077,v_115_1_078,v_115_1_079,v_115_1_080,v_115_1_081,v_115_1_082,v_115_1_083,v_115_1_084,v_115_1_085,v_115_1_086,v_115_1_087,v_115_1_088,v_115_1_089,v_115_1_090,v_115_1_091,v_115_1_092,v_115_1_093,v_115_1_094,v_115_1_095,v_115_1_096,v_115_1_097,v_115_1_098,v_115_1_099,v_115_1_100,v_115_1_101,v_115_1_102,v_115_1_103,v_115_1_104,v_115_1_105,v_115_1_106,v_115_1_107,v_115_1_108,v_115_1_109,v_115_1_110,v_115_1_111,v_115_1_112,v_115_1_113,v_115_1_114,v_115_1_115,v_115_1_116,v_115_1_117,v_115_1_118,v_115_1_119,v_115_1_120,v_115_1_121,v_115_1_122,v_115_1_123,v_115_1_124,v_115_1_125,v_115_1_126,v_115_1_127,v_115_1_128,v_115_1_129,v_115_1_130,v_115_1_131,v_115_1_132,v_115_1_133,v_115_1_134,v_115_1_135,v_115_1_136,v_115_1_137,v_115_1_138,v_115_1_139,v_115_1_140,v_115_1_141,v_115_1_142,v_115_1_143,v_115_1_144,v_115_1_145,v_115_1_146,v_115_1_147,v_115_1_148,v_115_1_149,v_115_1_150,v_115_1_151,v_115_1_152,v_115_1_153,v_115_1_154,v_115_1_155,v_115_1_156,v_115_1_157,v_115_1_158,v_115_1_159,v_115_1_160,v_115_1_161,v_115_1_162,v_115_1_163,v_115_1_164,v_115_1_165,v_115_1_166,v_115_1_167,v_115_1_168,v_115_1_169,v_115_1_170,v_115_1_171,v_115_1_172,v_115_1_173,v_115_1_174,v_115_1_175,v_115_1_176,v_115_1_177,v_115_1_178,v_115_1_179
2017,115,1,Alexander (R-TN),Lamar,Alexander,TN,R,Yea,Nay,Nay,Nay,Nay,Nay,Nay,Nay,Yea,Nay,Yea,Nay,Yea,Nay,Nay,Yea,Yea,Nay,Yea,Nay,Nay,Yea,Nay,Yea,Nay,Yea,Not Voting,Yea,Yea,Yea,Yea,Yea,Yea,Yea,Yea,Yea,Yea,Yea,Yea,Yea,Yea,Yea,Yea,Yea,Yea,Yea,Yea,Yea,Yea,Yea,Yea,Yea,Yea,Yea,Yea,Yea,Yea,Nay,Yea,Yea,Yea,Yea,Yea,Yea,Yea,Yea,Yea,Yea,Yea,Nay,Yea,Yea,Yea,Yea,Yea,Yea,Yea,Yea,Yea,Yea,Yea,Yea,Yea,Yea,Yea,Yea,Yea,Yea,Not Voting,Not Voting,Yea,Yea,Yea,Yea,Yea,Yea,Yea,Yea,Yea,Yea,Yea,Yea,Yea,Yea,Yea,Yea,Nay,Nay,Nay,Yea,Yea,Yea,Yea,Yea,Yea,Yea,Yea,Yea,Yea,Yea,Yea,Yea,Yea,Yea,Yea,Yea,Yea,Yea,Yea,Yea,Yea,Yea,Not Voting,Yea,Yea,Yea,Yea,Yea,Yea,Yea,Not Voting,Yea,Nay,Yea,Yea,Yea,Yea,Yea,Yea,Yea,Yea,Yea,Not Voting,Yea,Yea,Yea,Yea,Yea,Yea,Yea,Yea,Yea,Yea,Yea,Yea,Not Voting,Yea,Yea,Nay,Nay,Nay,Nay,Nay,Yea,Yea,Nay,Yea,Nay,Yea
2017,115,1,Baldwin (D-WI),Tammy,Baldwin,WI,D,Nay,Yea,Nay,Yea,Nay,Yea,Yea,Yea,Nay,Yea,Nay,Yea,Nay,Yea,Yea,Nay,Nay,Yea,Nay,Yea,Yea,Nay,Yea,Nay,Yea,Nay,Nay,Yea,Yea,Yea,Yea,Nay,Yea,Nay,Yea,Nay,Nay,Nay,Nay,Nay,Nay,Nay,Nay,Nay,Nay,Nay,Nay,Nay,Nay,Nay,Nay,Nay,Yea,Nay,Nay,Yea,Nay,Yea,Nay,Nay,Nay,Nay,Nay,Yea,Nay,Nay,Nay,Nay,Nay,Yea,Nay,Nay,Nay,Nay,Nay,Nay,Nay,Nay,Nay,Nay,Nay,Nay,Nay,Nay,Nay,Nay,Nay,Nay,Nay,Yea,Yea,Nay,Nay,Nay,Nay,Nay,Yea,Yea,Nay,Nay,Nay,Yea,Yea,Nay,Nay,Nay,Yea,Yea,Yea,Nay,Nay,Yea,Yea,Yea,Nay,Nay,Nay,Nay,Nay,Nay,Yea,Yea,Nay,Nay,Nay,Yea,Yea,Nay,Nay,Nay,Nay,Nay,Nay,Yea,Yea,Nay,Nay,Yea,Nay,Yea,Yea,Yea,Yea,Yea,Yea,Yea,Yea,Yea,Yea,Yea,Yea,Yea,Yea,Yea,Nay,Nay,Yea,Yea,Yea,Yea,Yea,Yea,Nay,Nay,Nay,Nay,Nay,Nay,Nay,Yea,Yea,Nay,Present,Nay,Yea,Yea,Nay,Yea,Nay
2017,115,1,Barrasso (R-WY),John,Barrasso,WY,R,Yea,Nay,Nay,Nay,Nay,Nay,Nay,Nay,Yea,Nay,Yea,Nay,Yea,Nay,Nay,Yea,Yea,Nay,Yea,Nay,Nay,Yea,Nay,Yea,Nay,Yea,Yea,Yea,Yea,Yea,Yea,Yea,Yea,Yea,Yea,Yea,Yea,Yea,Yea,Yea,Yea,Yea,Yea,Yea,Yea,Yea,Yea,Yea,Yea,Yea,Yea,Yea,Yea,Yea,Yea,Yea,Yea,Nay,Yea,Yea,Yea,Yea,Yea,Yea,Yea,Yea,Yea,Yea,Yea,Nay,Yea,Yea,Yea,Yea,Yea,Yea,Yea,Yea,Yea,Yea,Yea,Yea,Yea,Yea,Yea,Yea,Yea,Yea,Yea,Not Voting,Yea,Yea,Yea,Yea,Yea,Yea,Yea,Yea,Yea,Yea,Yea,Yea,Yea,Yea,Yea,Yea,Nay,Nay,Nay,Yea,Yea,Yea,Yea,Yea,Yea,Yea,Yea,Yea,Yea,Yea,Yea,Yea,Yea,Yea,Yea,Yea,Yea,Yea,Yea,Yea,Yea,Yea,Yea,Yea,Yea,Yea,Yea,Yea,Yea,Yea,Yea,Yea,Nay,Yea,Yea,Yea,Yea,Yea,Yea,Yea,Yea,Yea,Yea,Yea,Yea,Yea,Yea,Yea,Yea,Yea,Yea,Yea,Yea,Yea,Yea,Yea,Yea,Yea,Yea,Nay,Nay,Nay,Nay,Yea,Yea,Nay,Yea,Nay,Yea
2017,115,1,Bennet (D-CO),Michael,Bennet,CO,D,Nay,Yea,Nay,Yea,Nay,Yea,Yea,Yea,Nay,Yea,Nay,Yea,Nay,Yea,Yea,Nay,Nay,Yea,Nay,Nay,Yea,Nay,Yea,Nay,Yea,Nay,Yea,Yea,Yea,Yea,Yea,Nay,Yea,Nay,Yea,Nay,Nay,Nay,Nay,Nay,Nay,Nay,Nay,Nay,Nay,Nay,Nay,Nay,Nay,Nay,Nay,Nay,Yea,Nay,Nay,Yea,Nay,Yea,Nay,Nay,Nay,Nay,Nay,Yea,Yea,Nay,Nay,Nay,Nay,Yea,Nay,Yea,Yea,Yea,Yea,Nay,Nay,Nay,Nay,Nay,Nay,Nay,Nay,Nay,Nay,Nay,Nay,Yea,Yea,Yea,Yea,Nay,Nay,Nay,Nay,Nay,Yea,Yea,Nay,Nay,Nay,Yea,Yea,Yea,Yea,Nay,Yea,Yea,Yea,Nay,Nay,Yea,Yea,Yea,Nay,Nay,Yea,Yea,Nay,Nay,Yea,Yea,Yea,Yea,Nay,Yea,Yea,Nay,Nay,Nay,Nay,Yea,Yea,Yea,Yea,Nay,Nay,Not Voting,Yea,Yea,Yea,Yea,Yea,Yea,Yea,Yea,Yea,Yea,Yea,Yea,Yea,Yea,Yea,Yea,Nay,Nay,Yea,Yea,Yea,Yea,Yea,Yea,Nay,Nay,Yea,Yea,Nay,Nay,Nay,Yea,Yea,Nay,Present,Nay,Yea,Yea,Nay,Yea,Nay
2017,115,1,Blumenthal (D-CT),Richard,Blumenthal,CT,D,Nay,Yea,Nay,Yea,Nay,Yea,Yea,Yea,Nay,Yea,Nay,Yea,Nay,Yea,Yea,Nay,Nay,Yea,Nay,Yea,Yea,Nay,Yea,Nay,Yea,Nay,Nay,Yea,Yea,Nay,Nay,Not Voting,Yea,Nay,Yea,Nay,Nay,Nay,Nay,Nay,Nay,Nay,Nay,Nay,Nay,Nay,Nay,Nay,Nay,Nay,Nay,Nay,Yea,Nay,Nay,Yea,Nay,Yea,Nay,Nay,Nay,Nay,Nay,Yea,Yea,Nay,Nay,Nay,Nay,Yea,Nay,Nay,Nay,Nay,Nay,Nay,Nay,Nay,Nay,Nay,Nay,Nay,Nay,Nay,Nay,Nay,Nay,Yea,Yea,Yea,Yea,Nay,Nay,Nay,Nay,Nay,Yea,Yea,Nay,Nay,Nay,Nay,Nay,Nay,Nay,Nay,Yea,Yea,Yea,Nay,Nay,Nay,Nay,Nay,Nay,Nay,Nay,Nay,Nay,Nay,Yea,Nay,Nay,Nay,Nay,Nay,Nay,Nay,Nay,Nay,Nay,Nay,Nay,Yea,Yea,Nay,Nay,Yea,Nay,Yea,Yea,Yea,Yea,Yea,Nay,Yea,Yea,Yea,Yea,Yea,Nay,Nay,Yea,Yea,Nay,Nay,Yea,Yea,Yea,Yea,Yea,Yea,Nay,Nay,Nay,Nay,Nay,Nay,Nay,Yea,Yea,Nay,Present,Nay,Yea,Yea,Nay,Yea,Nay
2017,115,1,Blunt (R-MO),Roy,Blunt,MO,R,Yea,Nay,Not Voting,Not Voting,Nay,Nay,Nay,Nay,Yea,Nay,Yea,Nay,Yea,Nay,Nay,Yea,Yea,Nay,Yea,Nay,Nay,Yea,Nay,Yea,Nay,Yea,Yea,Yea,Yea,Yea,Yea,Yea,Yea,Yea,Yea,Yea,Yea,Yea,Yea,Yea,Yea,Yea,Yea,Yea,Yea,Yea,Yea,Yea,Yea,Yea,Yea,Yea,Yea,Yea,Yea,Yea,Yea,Nay,Yea,Yea,Yea,Yea,Yea,Yea,Yea,Yea,Yea,Yea,Yea,Nay,Yea,Yea,Yea,Yea,Yea,Yea,Yea,Yea,Yea,Yea,Yea,Yea,Yea,Yea,Yea,Yea,Yea,Yea,Yea,Yea,Yea,Yea,Yea,Yea,Yea,Yea,Yea,Yea,Yea,Yea,Yea,Yea,Yea,Yea,Yea,Yea,Nay,Nay,Nay,Yea,Yea,Yea,Yea,Yea,Yea,Yea,Yea,Yea,Yea,Yea,Yea,Yea,Yea,Yea,Yea,Yea,Yea,Yea,Yea,Yea,Yea,Yea,Yea,Yea,Yea,Yea,Yea,Yea,Yea,Yea,Yea,Yea,Nay,Yea,Yea,Yea,Yea,Yea,Yea,Yea,Yea,Yea,Yea,Yea,Yea,Yea,Yea,Yea,Yea,Yea,Yea,Yea,Yea,Yea,Yea,Yea,Yea,Yea,Yea,Nay,Nay,Nay,Nay,Yea,Yea,Nay,Yea,Nay,Yea
2017,115,1,Booker (D-NJ),Cory,Booker,NJ,D,Nay,Yea,Nay,Yea,Nay,Yea,Yea,Yea,Nay,Yea,Nay,Yea,Nay,Yea,Yea,Nay,Nay,Yea,Nay,Nay,Yea,Nay,Yea,Nay,Yea,Nay,Nay,Yea,Yea,Nay,Nay,Nay,Yea,Nay,Nay,Nay,Nay,Nay,Nay,Nay,Nay,Nay,Nay,Nay,Nay,Nay,Nay,Nay,Nay,Nay,Nay,Nay,Yea,Nay,Nay,Yea,Nay,Yea,Nay,Nay,Nay,Nay,Nay,Yea,Nay,Nay,Nay,Nay,Nay,Yea,Nay,Nay,Nay,Nay,Nay,Nay,Nay,Nay,Nay,Nay,Nay,Nay,Nay,Nay,Nay,Nay,Nay,Nay,Nay,Nay,Yea,Nay,Nay,Nay,Nay,Nay,Yea,Yea,Nay,Nay,Nay,Yea,Nay,Nay,Nay,Nay,Yea,Yea,Yea,Nay,Nay,Nay,Nay,Nay,Nay,Nay,Nay,Nay,Nay,Nay,Yea,Nay,Nay,Nay,Nay,Yea,Yea,Nay,Nay,Nay,Nay,Nay,Nay,Nay,Nay,Nay,Nay,Not Voting,Nay,Yea,Nay,Yea,Yea,Yea,Yea,Yea,Yea,Nay,Nay,Nay,Nay,Nay,Nay,Nay,Nay,Nay,Yea,Yea,Nay,Nay,Nay,Nay,Nay,Nay,Nay,Nay,Nay,Nay,Nay,Yea,Yea,Nay,Present,Nay,Yea,Yea,Nay,Yea,Nay
2017,115,1,Boozman (R-AR),John,Boozman,AR,R,Yea,Nay,Nay,Nay,Nay,Nay,Nay,Nay,Yea,Nay,Yea,Nay,Yea,Nay,Nay,Yea,Yea,Nay,Yea,Yea,Nay,Yea,Nay,Yea,Nay,Yea,Yea,Yea,Yea,Yea,Yea,Yea,Yea,Yea,Yea,Yea,Yea,Yea,Yea,Yea,Yea,Yea,Yea,Yea,Yea,Yea,Yea,Yea,Yea,Yea,Yea,Yea,Yea,Yea,Yea,Yea,Yea,Nay,Yea,Yea,Yea,Yea,Yea,Yea,Yea,Yea,Yea,Yea,Yea,Nay,Yea,Yea,Yea,Yea,Yea,Yea,Yea,Yea,Yea,Yea,Yea,Yea,Yea,Yea,Yea,Yea,Yea,Yea,Yea,Yea,Yea,Yea,Yea,Yea,Yea,Yea,Yea,Yea,Yea,Yea,Yea,Yea,Yea,Yea,Yea,Yea,Nay,Nay,Nay,Yea,Yea,Yea,Yea,Yea,Yea,Yea,Yea,Yea,Yea,Yea,Yea,Yea,Yea,Yea,Yea,Yea,Yea,Yea,Yea,Yea,Yea,Yea,Yea,Yea,Yea,Yea,Yea,Yea,Yea,Yea,Yea,Yea,Nay,Yea,Yea,Yea,Yea,Yea,Yea,Yea,Yea,Yea,Yea,Yea,Yea,Yea,Yea,Yea,Yea,Yea,Yea,Yea,Yea,Yea,Yea,Yea,Yea,Yea,Yea,Nay,Nay,Nay,Nay,Yea,Yea,Nay,Yea,Nay,Yea
2017,115,1,Brown (D-OH),Sherrod ,Brown,OH,D,Nay,Yea,Nay,Yea,Nay,Yea,Yea,Yea,Nay,Yea,Nay,Yea,Nay,Yea,Yea,Nay,Nay,Yea,Nay,Yea,Yea,Nay,Yea,Nay,Yea,Nay,Yea,Yea,Yea,Yea,Yea,Nay,Yea,Nay,Yea,Nay,Nay,Nay,Nay,Nay,Nay,Nay,Nay,Nay,Nay,Nay,Nay,Nay,Nay,Nay,Nay,Nay,Yea,Nay,Nay,Yea,Nay,Yea,Nay,Nay,Nay,Nay,Nay,Yea,Nay,Nay,Nay,Nay,Nay,Yea,Nay,Nay,Yea,Nay,Yea,Yea,Yea,Nay,Nay,Nay,Nay,Nay,Nay,Nay,Nay,Nay,Nay,Yea,Yea,Yea,Yea,Nay,Nay,Nay,Nay,Nay,Yea,Yea,Nay,Nay,Nay,Yea,Yea,Nay,Nay,Nay,Yea,Yea,Yea,Nay,Nay,Yea,Yea,Yea,Nay,Nay,Nay,Nay,Nay,Nay,Yea,Yea,Nay,Nay,Nay,Yea,Yea,Nay,Nay,Nay,Nay,Nay,Nay,Yea,Yea,Nay,Nay,Yea,Nay,Yea,Yea,Yea,Yea,Yea,Yea,Yea,Yea,Yea,Yea,Yea,Nay,Nay,Yea,Yea,Nay,Nay,Yea,Yea,Yea,Nay,Yea,Yea,Nay,Nay,Nay,Nay,Nay,Nay,Nay,Yea,Yea,Nay,Present,Nay,Yea,Yea,Nay,Yea,Nay
2017,115,1,Burr (R-NC),Richard,Burr,NC,R,Yea,Nay,Nay,Nay,Yea,Nay,Nay,Nay,Yea,Nay,Yea,Nay,Yea,Nay,Nay,Yea,Yea,Nay,Yea,Nay,Nay,Yea,Nay,Yea,Nay,Yea,Yea,Yea,Yea,Yea,Yea,Yea,Yea,Yea,Yea,Yea,Yea,Yea,Yea,Yea,Yea,Yea,Yea,Yea,Yea,Yea,Yea,Yea,Yea,Yea,Yea,Yea,Yea,Yea,Yea,Yea,Yea,Nay,Yea,Yea,Yea,Yea,Yea,Yea,Yea,Yea,Yea,Yea,Yea,Nay,Yea,Yea,Yea,Yea,Yea,Yea,Yea,Yea,Yea,Yea,Yea,Yea,Yea,Yea,Yea,Yea,Yea,Yea,Yea,Yea,Yea,Yea,Yea,Yea,Yea,Yea,Yea,Yea,Yea,Yea,Yea,Yea,Yea,Yea,Yea,Yea,Nay,Nay,Nay,Yea,Yea,Yea,Yea,Yea,Yea,Yea,Yea,Yea,Yea,Yea,Yea,Yea,Yea,Yea,Yea,Yea,Yea,Yea,Yea,Yea,Yea,Yea,Yea,Yea,Yea,Yea,Yea,Yea,Yea,Yea,Yea,Not Voting,Nay,Yea,Yea,Yea,Yea,Yea,Yea,Yea,Yea,Yea,Yea,Yea,Yea,Yea,Yea,Yea,Yea,Yea,Yea,Yea,Yea,Yea,Yea,Yea,Yea,Yea,Yea,Nay,Nay,Nay,Nay,Yea,Yea,Nay,Yea,Nay,Yea
2017,115,1,Cantwell (D-WA),Maria,Cantwell,WA,D,Nay,Yea,Nay,Yea,Nay,Yea,Yea,Yea,Nay,Yea,Nay,Yea,Nay,Yea,Yea,Nay,Nay,Yea,Nay,Nay,Yea,Nay,Yea,Nay,Yea,Nay,Yea,Yea,Yea,Yea,Yea,Nay,Yea,Nay,Yea,Nay,Nay,Nay,Nay,Nay,Nay,Nay,Nay,Nay,Nay,Nay,Nay,Nay,Nay,Nay,Nay,Nay,Yea,Nay,Nay,Yea,Nay,Yea,Nay,Nay,Nay,Nay,Nay,Yea,Yea,Nay,Nay,Nay,Nay,Yea,Nay,Nay,Nay,Nay,Nay,Nay,Nay,Nay,Nay,Nay,Nay,Nay,Nay,Nay,Nay,Nay,Nay,Yea,Yea,Yea,Yea,Nay,Nay,Nay,Nay,Nay,Yea,Yea,Nay,Nay,Nay,Not Voting,Yea,Nay,Nay,Nay,Yea,Yea,Yea,Nay,Nay,Yea,Yea,Yea,Nay,Nay,Nay,Nay,Nay,Nay,Yea,Nay,Nay,Nay,Nay,Yea,Yea,Nay,Nay,Nay,Nay,Yea,Yea,Yea,Yea,Nay,Not Voting,Yea,Nay,Yea,Yea,Yea,Yea,Yea,Yea,Yea,Yea,Yea,Yea,Yea,Nay,Nay,Yea,Yea,Nay,Nay,Yea,Yea,Yea,Yea,Yea,Yea,Nay,Nay,Nay,Nay,Nay,Nay,Nay,Yea,Yea,Nay,Present,Nay,Yea,Yea,Nay,Yea,Nay
2017,115,1,Capito (R-WV),Shelley,Capito,WV,R,Yea,Nay,Nay,Nay,Nay,Nay,Nay,Nay,Yea,Yea,Yea,Nay,Yea,Nay,Nay,Yea,Yea,Nay,Yea,Nay,Nay,Yea,Nay,Yea,Nay,Yea,Yea,Yea,Yea,Yea,Yea,Yea,Yea,Yea,Yea,Yea,Yea,Yea,Yea,Yea,Yea,Yea,Yea,Yea,Yea,Yea,Yea,Yea,Yea,Yea,Yea,Yea,Yea,Yea,Yea,Yea,Yea,Nay,Yea,Yea,Yea,Yea,Yea,Yea,Yea,Yea,Yea,Yea,Yea,Nay,Yea,Yea,Yea,Yea,Yea,Yea,Yea,Yea,Yea,Yea,Yea,Yea,Yea,Yea,Yea,Yea,Yea,Yea,Yea,Yea,Yea,Yea,Yea,Yea,Yea,Yea,Yea,Yea,Yea,Yea,Yea,Yea,Yea,Yea,Yea,Yea,Nay,Nay,Nay,Yea,Yea,Yea,Yea,Yea,Yea,Yea,Yea,Yea,Yea,Yea,Yea,Yea,Yea,Yea,Yea,Not Voting,Not Voting,Yea,Yea,Yea,Yea,Yea,Yea,Yea,Yea,Yea,Yea,Yea,Yea,Yea,Yea,Yea,Nay,Yea,Yea,Yea,Yea,Yea,Yea,Yea,Yea,Yea,Yea,Yea,Yea,Yea,Yea,Yea,Yea,Yea,Yea,Yea,Yea,Yea,Yea,Not Voting,Yea,Yea,Nay,Nay,Nay,Yea,Nay,Yea,Yea,Nay,Yea,Nay,Yea
2017,115,1,Cardin (D-MD),Ben,Cardin,MD,D,Nay,Yea,Nay,Yea,Nay,Yea,Yea,Yea,Nay,Yea,Nay,Yea,Nay,Yea,Yea,Nay,Nay,Yea,Nay,Yea,Yea,Nay,Yea,Nay,Yea,Nay,Yea,Yea,Yea,Yea,Yea,Nay,Yea,Nay,Yea,Nay,Nay,Nay,Nay,Nay,Nay,Nay,Nay,Nay,Nay,Nay,Nay,Nay,Nay,Nay,Nay,Nay,Yea,Nay,Nay,Yea,Nay,Yea,Nay,Nay,Nay,Nay,Nay,Yea,Yea,Nay,Nay,Nay,Nay,Yea,Nay,Nay,Nay,Nay,Nay,Yea,Nay,Yea,Nay,Nay,Nay,Nay,Nay,Nay,Nay,Nay,Nay,Yea,Yea,Yea,Yea,Nay,Nay,Nay,Nay,Nay,Yea,Yea,Nay,Nay,Nay,Nay,Yea,Nay,Nay,Nay,Yea,Yea,Yea,Nay,Nay,Yea,Yea,Yea,Nay,Nay,Nay,Nay,Nay,Nay,Yea,Nay,Nay,Nay,Nay,Yea,Yea,Nay,Nay,Nay,Nay,Yea,Yea,Yea,Yea,Nay,Nay,Yea,Nay,Yea,Yea,Yea,Yea,Yea,Yea,Yea,Yea,Yea,Yea,Yea,Yea,Nay,Yea,Yea,Nay,Nay,Yea,Yea,Yea,Yea,Yea,Yea,Nay,Nay,Nay,Nay,Nay,Nay,Nay,Yea,Yea,Nay,Present,Nay,Yea,Yea,Nay,Yea,Nay
2017,115,1,Carper (D-DE),Thomas,Carper,DE,D,Nay,Yea,Nay,Not Voting,Nay,Yea,Yea,Yea,Nay,Yea,Nay,Yea,Nay,Yea,Yea,Nay,Nay,Yea,Nay,Nay,Yea,Nay,Yea,Nay,Yea,Nay,Yea,Yea,Yea,Yea,Yea,Nay,Yea,Nay,Yea,Nay,Nay,Nay,Nay,Nay,Nay,Nay,Nay,Not Voting,Nay,Nay,Nay,Nay,Nay,Nay,Nay,Nay,Yea,Nay,Nay,Not Voting,Not Voting,Not Voting,Nay,Nay,Nay,Nay,Nay,Yea,Yea,Nay,Nay,Nay,Nay,Yea,Nay,Yea,Yea,Nay,Nay,Yea,Nay,Nay,Yea,Nay,Nay,Nay,Nay,Nay,Nay,Nay,Nay,Yea,Yea,Yea,Yea,Nay,Nay,Nay,Nay,Nay,Yea,Yea,Nay,Nay,Nay,Yea,Yea,Nay,Nay,Nay,Yea,Yea,Yea,Nay,Nay,Yea,Yea,Yea,Nay,Nay,Yea,Yea,Nay,Nay,Yea,Yea,Yea,Yea,Nay,Yea,Yea,Nay,Nay,Nay,Nay,Yea,Yea,Yea,Yea,Nay,Nay,Yea,Yea,Nay,Yea,Yea,Yea,Yea,Yea,Yea,Yea,Yea,Yea,Yea,Nay,Nay,Yea,Yea,Yea,Yea,Yea,Yea,Yea,Yea,Yea,Yea,Nay,Nay,Nay,Nay,Nay,Nay,Nay,Yea,Yea,Nay,Present,Nay,Yea,Yea,Nay,Yea,Nay
2017,115,1,Casey (D-PA),Bob,Casey,PA,D,Nay,Yea,Nay,Yea,Nay,Yea,Yea,Yea,Nay,Yea,Nay,Yea,Nay,Yea,Yea,Nay,Nay,Yea,Nay,Nay,Yea,Nay,Yea,Nay,Yea,Nay,Yea,Yea,Yea,Yea,Yea,Nay,Yea,Nay,Yea,Nay,Nay,Nay,Nay,Nay,Nay,Nay,Nay,Nay,Nay,Nay,Nay,Nay,Nay,Nay,Nay,Nay,Yea,Nay,Nay,Yea,Nay,Yea,Nay,Nay,Nay,Nay,Nay,Yea,Yea,Nay,Nay,Nay,Nay,Yea,Nay,Nay,Yea,Nay,Nay,Nay,Nay,Nay,Nay,Nay,Nay,Nay,Nay,Nay,Nay,Nay,Nay,Yea,Yea,Yea,Yea,Nay,Nay,Nay,Nay,Nay,Yea,Yea,Nay,Nay,Nay,Yea,Yea,Nay,Nay,Nay,Yea,Yea,Yea,Nay,Nay,Yea,Yea,Yea,Nay,Nay,Nay,Nay,Nay,Nay,Yea,Yea,Nay,Nay,Nay,Yea,Yea,Nay,Nay,Nay,Nay,Yea,Yea,Yea,Yea,Nay,Nay,Yea,Yea,Yea,Yea,Yea,Yea,Yea,Yea,Yea,Yea,Yea,Yea,Yea,Nay,Nay,Yea,Yea,Nay,Nay,Yea,Yea,Yea,Yea,Yea,Yea,Nay,Nay,Nay,Nay,Nay,Nay,Nay,Yea,Yea,Nay,Present,Nay,Yea,Yea,Nay,Yea,Nay
2017,115,1,Cassidy (R-LA),Bill,Cassidy,LA,R,Yea,Nay,Nay,Nay,Yea,Nay,Nay,Nay,Yea,Nay,Yea,Nay,Yea,Nay,Nay,Yea,Yea,Nay,Yea,Nay,Nay,Yea,Nay,Yea,Nay,Yea,Yea,Yea,Yea,Yea,Yea,Yea,Yea,Yea,Yea,Yea,Yea,Yea,Yea,Yea,Yea,Yea,Yea,Yea,Yea,Yea,Yea,Yea,Yea,Yea,Yea,Yea,Yea,Yea,Yea,Yea,Yea,Nay,Yea,Yea,Yea,Yea,Yea,Yea,Yea,Yea,Yea,Yea,Yea,Nay,Yea,Not Voting,Yea,Yea,Yea,Yea,Yea,Yea,Yea,Yea,Yea,Yea,Yea,Yea,Yea,Yea,Yea,Yea,Yea,Yea,Yea,Yea,Yea,Yea,Yea,Yea,Yea,Yea,Yea,Yea,Yea,Yea,Yea,Yea,Yea,Yea,Nay,Nay,Nay,Yea,Yea,Yea,Yea,Yea,Yea,Yea,Yea,Yea,Yea,Yea,Yea,Yea,Yea,Yea,Yea,Yea,Yea,Yea,Yea,Yea,Yea,Yea,Yea,Yea,Yea,Yea,Yea,Yea,Yea,Yea,Yea,Yea,Nay,Yea,Yea,Yea,Yea,Yea,Yea,Yea,Yea,Yea,Yea,Yea,Yea,Yea,Yea,Yea,Yea,Yea,Yea,Yea,Yea,Yea,Yea,Yea,Yea,Yea,Yea,Nay,Nay,Yea,Nay,Yea,Yea,Nay,Yea,Nay,Yea
2017,115,1,Cochran (R-MS),Thad,Cochran,MS,R,Yea,Nay,Nay,Nay,Nay,Nay,Nay,Nay,Yea,Nay,Yea,Nay,Yea,Nay,Nay,Yea,Yea,Nay,Yea,Nay,Nay,Yea,Nay,Yea,Nay,Yea,Yea,Yea,Yea,Yea,Yea,Yea,Yea,Yea,Yea,Yea,Yea,Yea,Yea,Yea,Yea,Yea,Yea,Yea,Yea,Yea,Yea,Yea,Yea,Yea,Yea,Yea,Yea,Yea,Yea,Yea,Yea,Nay,Yea,Yea,Yea,Yea,Yea,Yea,Yea,Yea,Yea,Yea,Yea,Nay,Yea,Yea,Yea,Yea,Yea,Yea,Yea,Yea,Yea,Yea,Yea,Yea,Yea,Yea,Yea,Yea,Yea,Yea,Yea,Yea,Yea,Yea,Yea,Yea,Yea,Yea,Yea,Yea,Yea,Yea,Yea,Yea,Yea,Yea,Yea,Yea,Nay,Nay,Nay,Yea,Yea,Yea,Yea,Yea,Yea,Yea,Yea,Yea,Yea,Yea,Yea,Yea,Yea,Yea,Yea,Yea,Yea,Yea,Yea,Yea,Yea,Yea,Yea,Yea,Yea,Yea,Yea,Yea,Yea,Yea,Yea,Yea,Nay,Yea,Yea,Yea,Yea,Yea,Yea,Yea,Yea,Yea,Yea,Yea,Yea,Yea,Yea,Yea,Yea,Yea,Yea,Yea,Yea,Yea,Yea,Yea,Yea,Yea,Yea,Nay,Nay,Nay,Nay,Yea,Yea,Nay,Yea,Nay,Yea
2017,115,1,Collins (R-ME),Susan,Collins,ME,R,Yea,Nay,Nay,Yea,Yea,Yea,Nay,Yea,Yea,Yea,Yea,Yea,Yea,Nay,Yea,Yea,Yea,Nay,Yea,Yea,Nay,Yea,Yea,Yea,Yea,Yea,Yea,Yea,Yea,Yea,Yea,Yea,Yea,Yea,Yea,Yea,Yea,Yea,Yea,Yea,Yea,Yea,Nay,Yea,Yea,Yea,Yea,Yea,Yea,Yea,Yea,Yea,Nay,Nay,Yea,Yea,Yea,Nay,Yea,Yea,Yea,Yea,Yea,Yea,Yea,Yea,Yea,Yea,Yea,Nay,Nay,Yea,Yea,Yea,Yea,Yea,Yea,Yea,Yea,Yea,Yea,Yea,Yea,Yea,Yea,Yea,Yea,Yea,Yea,Yea,Yea,Yea,Yea,Yea,Yea,Yea,Yea,Yea,Yea,Nay,Nay,Nay,Yea,Yea,Yea,Yea,Nay,Nay,Nay,Yea,Yea,Yea,Yea,Yea,Yea,Yea,Yea,Yea,Yea,Yea,Yea,Yea,Yea,Yea,Nay,Yea,Yea,Yea,Yea,Yea,Yea,Yea,Yea,Yea,Yea,Yea,Yea,Yea,Yea,Yea,Yea,Yea,Nay,Yea,Yea,Yea,Yea,Yea,Yea,Yea,Yea,Yea,Yea,Yea,Yea,Yea,Yea,Yea,Yea,Yea,Yea,Yea,Yea,Yea,Yea,Yea,Nay,Nay,Nay,Nay,Nay,Yea,Nay,Nay,Yea,Nay,Yea,Nay,Nay
2017,115,1,Coons (D-DE),Christopher,Coons,DE,D,Nay,Yea,Nay,Yea,Nay,Yea,Yea,Yea,Nay,Yea,Nay,Yea,Nay,Yea,Yea,Nay,Nay,Yea,Nay,Nay,Yea,Nay,Yea,Nay,Yea,Nay,Yea,Yea,Yea,Yea,Yea,Nay,Nay,Nay,Yea,Not Voting,Not Voting,Not Voting,Not Voting,Not Voting,Not Voting,Not Voting,Nay,Nay,Nay,Nay,Nay,Nay,Nay,Nay,Nay,Nay,Yea,Nay,Nay,Not Voting,Not Voting,Not Voting,Nay,Nay,Nay,Nay,Nay,Yea,Yea,Nay,Nay,Nay,Nay,Yea,Nay,Yea,Yea,Yea,Yea,Nay,Nay,Nay,Nay,Nay,Nay,Nay,Nay,Nay,Nay,Nay,Nay,Yea,Yea,Yea,Yea,Nay,Nay,Nay,Nay,Nay,Yea,Yea,Nay,Nay,Nay,Yea,Yea,Nay,Nay,Nay,Yea,Yea,Yea,Nay,Nay,Yea,Yea,Yea,Nay,Nay,Nay,Nay,Nay,Nay,Yea,Yea,Yea,Yea,Nay,Yea,Yea,Nay,Nay,Nay,Nay,Yea,Yea,Yea,Yea,Nay,Nay,Yea,Nay,Yea,Yea,Yea,Yea,Yea,Yea,Yea,Yea,Yea,Yea,Yea,Yea,Yea,Yea,Yea,Nay,Nay,Yea,Yea,Yea,Yea,Yea,Yea,Nay,Nay,Nay,Nay,Nay,Nay,Nay,Yea,Yea,Nay,Present,Nay,Yea,Yea,Nay,Yea,Nay
2017,115,1,Corker (R-TN),Bob,Corker,TN,R,Yea,Nay,Nay,Nay,Yea,Nay,Nay,Nay,Yea,Nay,Yea,Nay,Yea,Nay,Nay,Yea,Yea,Nay,Yea,Nay,Nay,Yea,Nay,Yea,Nay,Yea,Yea,Yea,Yea,Yea,Yea,Yea,Yea,Yea,Yea,Yea,Yea,Yea,Yea,Yea,Yea,Yea,Yea,Yea,Yea,Yea,Yea,Yea,Yea,Yea,Yea,Yea,Yea,Yea,Yea,Yea,Yea,Nay,Yea,Yea,Yea,Yea,Yea,Yea,Yea,Yea,Yea,Yea,Yea,Nay,Yea,Yea,Yea,Yea,Yea,Yea,Yea,Yea,Yea,Yea,Yea,Yea,Yea,Yea,Yea,Yea,Yea,Yea,Not Voting,Not Voting,Yea,Yea,Yea,Yea,Yea,Yea,Yea,Yea,Nay,Yea,Yea,Yea,Yea,Yea,Yea,Yea,Nay,Nay,Nay,Yea,Yea,Yea,Yea,Yea,Yea,Yea,Yea,Yea,Yea,Nay,Nay,Yea,Yea,Yea,Yea,Yea,Yea,Yea,Yea,Yea,Yea,Yea,Yea,Yea,Yea,Yea,Yea,Yea,Yea,Yea,Yea,Yea,Nay,Yea,Yea,Yea,Yea,Yea,Yea,Yea,Yea,Yea,Yea,Yea,Yea,Yea,Yea,Yea,Yea,Yea,Yea,Yea,Yea,Yea,Yea,Yea,Yea,Nay,Yea,Nay,Nay,Nay,Nay,Yea,Yea,Nay,Nay,Nay,Yea
2017,115,1,Cornyn (R-TX),John,Cornyn,TX,R,Yea,Nay,Nay,Nay,Nay,Nay,Nay,Nay,Yea,Nay,Yea,Nay,Yea,Nay,Nay,Yea,Yea,Nay,Yea,Nay,Nay,Yea,Nay,Yea,Nay,Yea,Yea,Yea,Yea,Yea,Yea,Yea,Yea,Yea,Yea,Yea,Yea,Yea,Yea,Yea,Yea,Yea,Yea,Yea,Yea,Yea,Yea,Yea,Yea,Yea,Yea,Yea,Yea,Yea,Yea,Yea,Yea,Nay,Yea,Yea,Yea,Yea,Yea,Yea,Yea,Yea,Yea,Yea,Yea,Nay,Yea,Yea,Yea,Yea,Yea,Yea,Yea,Yea,Yea,Yea,Yea,Yea,Yea,Yea,Yea,Yea,Yea,Yea,Yea,Yea,Yea,Yea,Yea,Yea,Yea,Yea,Yea,Yea,Yea,Yea,Yea,Yea,Yea,Yea,Yea,Yea,Nay,Nay,Nay,Yea,Yea,Yea,Yea,Yea,Yea,Yea,Yea,Yea,Yea,Yea,Yea,Yea,Yea,Yea,Yea,Yea,Yea,Yea,Yea,Yea,Yea,Yea,Yea,Yea,Yea,Yea,Yea,Yea,Yea,Yea,Yea,Yea,Nay,Yea,Yea,Yea,Yea,Yea,Yea,Yea,Yea,Yea,Yea,Yea,Yea,Yea,Yea,Yea,Yea,Yea,Yea,Yea,Yea,Yea,Yea,Yea,Yea,Yea,Yea,Nay,Nay,Nay,Nay,Yea,Yea,Nay,Yea,Nay,Yea
2017,115,1,Cortez Masto (D-NV),Catherine,Cortez Masto,NV,D,Nay,Yea,Nay,Yea,Nay,Yea,Yea,Yea,Nay,Yea,Nay,Yea,Nay,Yea,Yea,Nay,Nay,Yea,Nay,Yea,Yea,Nay,Yea,Nay,Yea,Nay,Yea,Yea,Yea,Nay,Yea,Nay,Yea,Nay,Yea,Nay,Nay,Nay,Nay,Nay,Nay,Nay,Nay,Nay,Nay,Nay,Nay,Nay,Nay,Nay,Nay,Nay,Yea,Nay,Nay,Yea,Nay,Yea,Nay,Nay,Nay,Nay,Nay,Yea,Yea,Nay,Nay,Nay,Nay,Yea,Nay,Yea,Yea,Yea,Yea,Nay,Nay,Yea,Yea,Nay,Nay,Nay,Yea,Nay,Nay,Nay,Nay,Yea,Yea,Yea,Yea,Nay,Nay,Nay,Nay,Nay,Yea,Yea,Nay,Nay,Nay,Yea,Nay,Nay,Nay,Nay,Yea,Yea,Yea,Nay,Nay,Yea,Nay,Nay,Yea,Yea,Nay,Nay,Nay,Nay,Yea,Nay,Nay,Nay,Nay,Yea,Yea,Nay,Nay,Nay,Nay,Yea,Yea,Yea,Yea,Nay,Nay,Yea,Yea,Yea,Yea,Yea,Yea,Yea,Yea,Yea,Yea,Yea,Yea,Yea,Nay,Nay,Nay,Nay,Nay,Nay,Yea,Yea,Yea,Yea,Yea,Yea,Nay,Nay,Nay,Nay,Nay,Nay,Nay,Yea,Yea,Nay,Present,Nay,Yea,Yea,Yea,Yea,Nay
2017,115,1,Cotton (R-AR),Tom,Cotton,AR,R,Yea,Nay,Nay,Nay,Yea,Nay,Nay,Nay,Yea,Nay,Yea,Nay,Yea,Nay,Nay,Yea,Yea,Nay,Yea,Nay,Nay,Yea,Nay,Yea,Nay,Yea,Yea,Yea,Yea,Yea,Yea,Yea,Yea,Yea,Yea,Yea,Yea,Yea,Yea,Yea,Yea,Yea,Yea,Yea,Yea,Yea,Yea,Yea,Yea,Yea,Yea,Yea,Yea,Yea,Yea,Yea,Yea,Nay,Yea,Yea,Yea,Yea,Yea,Yea,Yea,Yea,Yea,Yea,Yea,Nay,Yea,Yea,Yea,Yea,Yea,Yea,Yea,Yea,Yea,Yea,Yea,Yea,Yea,Yea,Yea,Yea,Yea,Yea,Yea,Yea,Yea,Yea,Yea,Yea,Yea,Yea,Yea,Yea,Yea,Yea,Yea,Yea,Yea,Yea,Yea,Yea,Nay,Nay,Nay,Yea,Yea,Yea,Yea,Yea,Yea,Yea,Yea,Yea,Yea,Yea,Nay,Yea,Yea,Yea,Yea,Yea,Yea,Yea,Yea,Yea,Yea,Yea,Yea,Yea,Yea,Yea,Yea,Yea,Yea,Yea,Yea,Yea,Nay,Yea,Yea,Yea,Yea,Yea,Yea,Yea,Yea,Yea,Yea,Yea,Yea,Yea,Yea,Yea,Yea,Yea,Yea,Yea,Yea,Yea,Yea,Yea,Yea,Nay,Yea,Nay,Nay,Nay,Nay,Yea,Yea,Nay,Yea,Nay,Yea
2017,115,1,Crapo (R-ID),Mike,Crapo,ID,R,Yea,Nay,Yea,Nay,Yea,Nay,Nay,Nay,Yea,Nay,Yea,Nay,Yea,Nay,Nay,Yea,Yea,Nay,Yea,Nay,Nay,Yea,Nay,Yea,Nay,Yea,Yea,Yea,Yea,Yea,Yea,Yea,Yea,Yea,Yea,Yea,Yea,Yea,Yea,Yea,Yea,Yea,Yea,Yea,Yea,Yea,Yea,Yea,Yea,Yea,Yea,Yea,Yea,Yea,Yea,Yea,Yea,Nay,Yea,Yea,Yea,Yea,Yea,Yea,Yea,Yea,Yea,Yea,Yea,Nay,Yea,Yea,Yea,Yea,Yea,Yea,Yea,Yea,Yea,Yea,Yea,Yea,Yea,Yea,Yea,Yea,Yea,Yea,Yea,Yea,Yea,Yea,Yea,Yea,Yea,Yea,Yea,Yea,Yea,Yea,Yea,Yea,Yea,Yea,Yea,Yea,Nay,Nay,Nay,Yea,Yea,Yea,Yea,Yea,Yea,Yea,Yea,Yea,Yea,Yea,Nay,Yea,Yea,Yea,Yea,Yea,Yea,Yea,Yea,Yea,Yea,Yea,Yea,Yea,Yea,Yea,Yea,Yea,Yea,Yea,Yea,Yea,Nay,Yea,Yea,Yea,Yea,Yea,Yea,Yea,Yea,Yea,Yea,Yea,Yea,Yea,Yea,Yea,Yea,Yea,Yea,Yea,Yea,Yea,Yea,Yea,Yea,Yea,Yea,Nay,Nay,Nay,Nay,Yea,Yea,Nay,Yea,Nay,Yea
2017,115,1,Cruz (R-TX),Ted,Cruz,TX,R,Yea,Nay,Yea,Nay,Yea,Nay,Nay,Nay,Yea,Nay,Yea,Nay,Yea,Nay,Nay,Nay,Yea,Nay,Yea,Yea,Nay,Yea,Nay,Yea,Nay,Yea,Yea,Yea,Yea,Yea,Yea,Yea,Yea,Yea,Yea,Yea,Yea,Yea,Yea,Yea,Yea,Yea,Yea,Yea,Yea,Yea,Yea,Yea,Yea,Yea,Yea,Yea,Yea,Yea,Yea,Not Voting,Not Voting,Not Voting,Yea,Yea,Yea,Yea,Yea,Yea,Yea,Yea,Yea,Yea,Yea,Nay,Yea,Yea,Yea,Yea,Yea,Yea,Yea,Yea,Yea,Yea,Yea,Yea,Yea,Yea,Yea,Yea,Yea,Yea,Yea,Yea,Yea,Yea,Yea,Yea,Yea,Yea,Yea,Yea,Yea,Yea,Yea,Yea,Yea,Yea,Yea,Yea,Nay,Nay,Nay,Yea,Yea,Yea,Yea,Yea,Yea,Yea,Yea,Yea,Yea,Yea,Nay,Yea,Yea,Yea,Yea,Yea,Yea,Yea,Yea,Yea,Yea,Yea,Yea,Yea,Yea,Yea,Yea,Yea,Yea,Not Voting,Yea,Yea,Nay,Yea,Yea,Yea,Yea,Yea,Yea,Yea,Yea,Yea,Yea,Yea,Yea,Yea,Yea,Yea,Yea,Yea,Yea,Yea,Yea,Yea,Yea,Yea,Yea,Yea,Yea,Nay,Nay,Nay,Nay,Yea,Yea,Nay,Yea,Nay,Yea
2017,115,1,Daines (R-MT),Steve,Daines,MT,R,Yea,Nay,Yea,Nay,Yea,Nay,Nay,Nay,Yea,Nay,Yea,Nay,Yea,Nay,Nay,Yea,Yea,Nay,Yea,Nay,Nay,Yea,Nay,Yea,Nay,Yea,Yea,Yea,Yea,Yea,Yea,Yea,Yea,Yea,Yea,Yea,Yea,Yea,Yea,Yea,Yea,Yea,Yea,Yea,Yea,Yea,Yea,Yea,Yea,Yea,Yea,Yea,Yea,Yea,Yea,Yea,Yea,Nay,Yea,Yea,Yea,Yea,Yea,Yea,Yea,Yea,Yea,Yea,Yea,Nay,Yea,Yea,Yea,Yea,Yea,Yea,Yea,Yea,Yea,Yea,Yea,Yea,Yea,Yea,Yea,Yea,Yea,Yea,Yea,Yea,Yea,Yea,Yea,Yea,Yea,Yea,Yea,Yea,Yea,Yea,Yea,Yea,Yea,Yea,Yea,Yea,Nay,Nay,Nay,Yea,Yea,Yea,Yea,Yea,Yea,Yea,Yea,Yea,Yea,Yea,Nay,Yea,Yea,Yea,Yea,Yea,Yea,Yea,Yea,Yea,Yea,Yea,Yea,Yea,Yea,Yea,Yea,Yea,Yea,Yea,Yea,Yea,Nay,Yea,Yea,Yea,Yea,Yea,Yea,Yea,Yea,Yea,Yea,Yea,Yea,Yea,Yea,Yea,Yea,Yea,Yea,Yea,Yea,Yea,Yea,Yea,Yea,Yea,Yea,Nay,Nay,Nay,Nay,Yea,Yea,Nay,Yea,Nay,Yea
2017,115,1,Donnelly (D-IN),Joe,Donnelly,IN,D,Nay,Yea,Nay,Yea,Nay,Yea,Yea,Yea,Nay,Yea,Nay,Yea,Nay,Yea,Yea,Nay,Nay,Yea,Nay,Nay,Yea,Nay,Yea,Nay,Yea,Nay,Yea,Yea,Yea,Yea,Yea,Yea,Yea,Nay,Yea,Nay,Nay,Nay,Nay,Nay,Yea,Yea,Yea,Yea,Nay,Nay,Nay,Nay,Nay,Nay,Nay,Nay,Yea,Nay,Nay,Yea,Nay,Yea,Nay,Nay,Nay,Nay,Nay,Yea,Yea,Yea,Nay,Nay,Nay,Not Voting,Not Voting,Not Voting,Yea,Yea,Yea,Yea,Yea,Yea,Yea,Nay,Nay,Nay,Yea,Nay,Yea,Yea,Nay,Yea,Yea,Yea,Yea,Nay,Nay,Nay,Nay,Nay,Yea,Yea,Nay,Nay,Nay,Yea,Yea,Yea,Yea,Yea,Yea,Yea,Yea,Yea,Yea,Yea,Yea,Yea,Nay,Nay,Nay,Nay,Nay,Nay,Yea,Yea,Nay,Nay,Nay,Yea,Yea,Yea,Yea,Nay,Nay,Yea,Yea,Yea,Yea,Nay,Nay,Yea,Yea,Yea,Yea,Yea,Nay,Yea,Yea,Yea,Yea,Yea,Yea,Yea,Yea,Yea,Yea,Yea,Yea,Yea,Yea,Yea,Yea,Yea,Yea,Yea,Nay,Nay,Yea,Yea,Nay,Nay,Nay,Yea,Yea,Nay,Nay,Nay,Yea,Yea,Nay,Yea,Nay
2017,115,1,Duckworth (D-IL),Tammy,Duckworth,IL,D,Nay,Yea,Nay,Yea,Nay,Yea,Yea,Yea,Nay,Yea,Nay,Yea,Nay,Yea,Yea,Nay,Nay,Yea,Nay,Yea,Yea,Nay,Yea,Nay,Yea,Nay,Nay,Yea,Yea,Yea,Yea,Nay,Yea,Nay,Yea,Nay,Nay,Nay,Nay,Nay,Nay,Nay,Nay,Nay,Nay,Nay,Nay,Nay,Nay,Nay,Nay,Nay,Yea,Nay,Nay,Yea,Nay,Yea,Nay,Nay,Nay,Nay,Nay,Yea,Yea,Nay,Nay,Nay,Nay,Yea,Nay,Yea,Yea,Nay,Nay,Nay,Nay,Nay,Nay,Nay,Nay,Nay,Nay,Nay,Nay,Nay,Nay,Nay,Nay,Yea,Yea,Nay,Nay,Nay,Nay,Nay,Yea,Yea,Nay,Nay,Nay,Yea,Nay,Nay,Nay,Nay,Yea,Yea,Yea,Nay,Nay,Yea,Yea,Yea,Nay,Nay,Nay,Nay,Nay,Nay,Yea,Nay,Nay,Nay,Nay,Yea,Yea,Nay,Nay,Nay,Nay,Nay,Nay,Nay,Nay,Nay,Nay,Not Voting,Yea,Yea,Yea,Yea,Yea,Yea,Yea,Yea,Yea,Yea,Yea,Yea,Yea,Yea,Yea,Yea,Nay,Nay,Yea,Yea,Yea,Yea,Not Voting,Nay,Nay,Nay,Nay,Nay,Nay,Nay,Nay,Yea,Yea,Nay,Present,Nay,Yea,Yea,Nay,Yea,Nay
2017,115,1,Durbin (D-IL),Richard,Durbin,IL,D,Nay,Yea,Nay,Yea,Nay,Yea,Yea,Yea,Nay,Yea,Nay,Yea,Nay,Yea,Yea,Nay,Nay,Yea,Nay,Yea,Yea,Nay,Yea,Nay,Yea,Nay,Nay,Yea,Yea,Yea,Yea,Nay,Yea,Nay,Yea,Nay,Nay,Nay,Yea,Nay,Not Voting,Not Voting,Nay,Nay,Nay,Nay,Nay,Nay,Nay,Nay,Nay,Nay,Yea,Nay,Nay,Yea,Nay,Yea,Nay,Nay,Nay,Nay,Nay,Yea,Nay,Nay,Nay,Nay,Nay,Yea,Nay,Nay,Nay,Nay,Nay,Nay,Nay,Nay,Nay,Nay,Nay,Nay,Nay,Nay,Nay,Nay,Nay,Yea,Yea,Yea,Yea,Nay,Nay,Nay,Nay,Nay,Yea,Yea,Nay,Nay,Nay,Nay,Yea,Nay,Nay,Nay,Yea,Yea,Yea,Nay,Nay,Yea,Yea,Yea,Nay,Nay,Not Voting,Not Voting,Not Voting,Not Voting,Not Voting,Yea,Nay,Nay,Nay,Yea,Yea,Nay,Nay,Nay,Nay,Yea,Yea,Yea,Yea,Nay,Nay,Yea,Nay,Nay,Yea,Yea,Yea,Yea,Yea,Yea,Yea,Yea,Yea,Yea,Nay,Nay,Yea,Yea,Not Voting,Nay,Yea,Yea,Yea,Yea,Yea,Yea,Nay,Nay,Nay,Nay,Nay,Nay,Nay,Yea,Yea,Nay,Present,Nay,Yea,Nay,Nay,Yea,Nay
2017,115,1,Enzi (R-WY),Mike,Enzi,WY,R,Yea,Nay,Nay,Nay,Nay,Nay,Nay,Nay,Yea,Nay,Yea,Nay,Yea,Nay,Nay,Yea,Yea,Nay,Yea,Nay,Nay,Yea,Nay,Yea,Nay,Yea,Yea,Yea,Yea,Yea,Yea,Yea,Yea,Yea,Yea,Yea,Yea,Yea,Yea,Yea,Yea,Yea,Yea,Yea,Yea,Yea,Yea,Yea,Yea,Yea,Yea,Yea,Yea,Yea,Yea,Yea,Yea,Nay,Yea,Yea,Yea,Yea,Yea,Yea,Yea,Yea,Yea,Yea,Yea,Nay,Yea,Yea,Yea,Yea,Yea,Yea,Yea,Yea,Yea,Yea,Yea,Yea,Yea,Yea,Yea,Yea,Yea,Yea,Yea,Yea,Yea,Yea,Yea,Yea,Yea,Yea,Yea,Yea,Yea,Yea,Yea,Yea,Yea,Yea,Yea,Yea,Nay,Nay,Nay,Yea,Yea,Yea,Yea,Yea,Yea,Yea,Yea,Yea,Yea,Yea,Yea,Yea,Yea,Yea,Yea,Yea,Yea,Yea,Yea,Yea,Yea,Yea,Yea,Yea,Yea,Yea,Yea,Yea,Yea,Yea,Yea,Yea,Nay,Yea,Yea,Yea,Yea,Yea,Yea,Yea,Yea,Yea,Yea,Yea,Yea,Yea,Yea,Yea,Yea,Yea,Yea,Yea,Yea,Yea,Yea,Yea,Yea,Yea,Yea,Nay,Nay,Yea,Nay,Yea,Yea,Nay,Yea,Nay,Yea
2017,115,1,Ernst (R-IA),Joni,Ernst,IA,R,Yea,Nay,Nay,Nay,Yea,Nay,Nay,Nay,Yea,Nay,Yea,Nay,Yea,Nay,Nay,Yea,Yea,Nay,Yea,Nay,Nay,Yea,Nay,Yea,Nay,Yea,Yea,Yea,Yea,Yea,Yea,Yea,Yea,Yea,Yea,Yea,Yea,Yea,Yea,Yea,Yea,Yea,Yea,Yea,Yea,Yea,Yea,Yea,Yea,Yea,Yea,Yea,Yea,Yea,Yea,Yea,Yea,Nay,Yea,Yea,Yea,Yea,Yea,Yea,Yea,Yea,Yea,Yea,Yea,Nay,Yea,Yea,Yea,Yea,Yea,Yea,Yea,Yea,Yea,Yea,Yea,Yea,Yea,Yea,Yea,Yea,Yea,Yea,Yea,Yea,Yea,Yea,Yea,Yea,Yea,Yea,Yea,Yea,Yea,Yea,Yea,Yea,Yea,Yea,Yea,Yea,Nay,Nay,Nay,Yea,Yea,Yea,Yea,Yea,Yea,Yea,Yea,Yea,Yea,Yea,Nay,Yea,Yea,Yea,Yea,Yea,Yea,Yea,Yea,Yea,Yea,Yea,Yea,Yea,Yea,Yea,Yea,Yea,Yea,Yea,Yea,Yea,Nay,Yea,Nay,Yea,Yea,Yea,Yea,Yea,Yea,Yea,Yea,Yea,Yea,Yea,Yea,Yea,Yea,Yea,Not Voting,Yea,Yea,Yea,Yea,Yea,Yea,Yea,Yea,Nay,Nay,Nay,Nay,Yea,Yea,Nay,Yea,Nay,Yea
2017,115,1,Feinstein (D-CA),Dianne,Feinstein,CA,D,Not Voting,Yea,Nay,Yea,Nay,Yea,Not Voting,Not Voting,Not Voting,Not Voting,Not Voting,Not Voting,Not Voting,Not Voting,Not Voting,Not Voting,Not Voting,Not Voting,Not Voting,Not Voting,Not Voting,Not Voting,Not Voting,Not Voting,Not Voting,Not Voting,Yea,Yea,Yea,Yea,Yea,Yea,Yea,Nay,Yea,Nay,Nay,Nay,Nay,Nay,Nay,Nay,Nay,Nay,Nay,Nay,Nay,Nay,Nay,Nay,Nay,Nay,Yea,Nay,Nay,Not Voting,Not Voting,Not Voting,Nay,Nay,Nay,Nay,Nay,Yea,Yea,Nay,Nay,Nay,Nay,Yea,Nay,Yea,Yea,Yea,Nay,Nay,Nay,Nay,Nay,Nay,Nay,Nay,Nay,Nay,Nay,Nay,Nay,Yea,Yea,Yea,Yea,Nay,Nay,Nay,Nay,Nay,Yea,Yea,Nay,Nay,Nay,Yea,Yea,Nay,Nay,Nay,Yea,Yea,Yea,Nay,Nay,Yea,Yea,Yea,Nay,Nay,Nay,Nay,Nay,Nay,Yea,Nay,Nay,Nay,Nay,Yea,Yea,Nay,Nay,Nay,Nay,Yea,Yea,Yea,Yea,Nay,Nay,Yea,Yea,Nay,Yea,Yea,Yea,Yea,Yea,Yea,Yea,Yea,Yea,Yea,Nay,Nay,Yea,Yea,Nay,Nay,Yea,Yea,Yea,Yea,Yea,Yea,Nay,Nay,Nay,Nay,Nay,Nay,Nay,Yea,Yea,Nay,Present,Nay,Yea,Yea,Nay,Yea,Nay
2017,115,1,Fischer (R-NE),Deb,Fischer,NE,R,Yea,Nay,Nay,Nay,Yea,Nay,Nay,Nay,Yea,Nay,Yea,Nay,Yea,Nay,Nay,Yea,Yea,Nay,Yea,Nay,Nay,Yea,Nay,Yea,Nay,Yea,Yea,Yea,Yea,Yea,Yea,Yea,Yea,Yea,Yea,Yea,Yea,Yea,Yea,Yea,Yea,Yea,Yea,Yea,Yea,Yea,Yea,Yea,Yea,Yea,Yea,Yea,Yea,Yea,Yea,Yea,Yea,Nay,Yea,Yea,Yea,Yea,Yea,Yea,Yea,Yea,Yea,Yea,Yea,Nay,Yea,Yea,Yea,Yea,Yea,Yea,Yea,Yea,Yea,Yea,Yea,Yea,Yea,Yea,Yea,Yea,Yea,Yea,Yea,Yea,Yea,Yea,Yea,Yea,Yea,Yea,Yea,Yea,Yea,Yea,Yea,Yea,Yea,Yea,Yea,Yea,Nay,Nay,Nay,Yea,Yea,Yea,Yea,Yea,Yea,Yea,Yea,Yea,Yea,Yea,Nay,Yea,Yea,Yea,Yea,Yea,Yea,Yea,Yea,Yea,Yea,Yea,Yea,Yea,Yea,Yea,Yea,Yea,Yea,Yea,Yea,Yea,Nay,Yea,Yea,Yea,Yea,Yea,Yea,Yea,Yea,Yea,Yea,Yea,Yea,Yea,Yea,Yea,Yea,Yea,Yea,Yea,Yea,Yea,Yea,Yea,Yea,Yea,Yea,Nay,Nay,Nay,Nay,Yea,Yea,Nay,Yea,Nay,Yea
2017,115,1,Flake (R-AZ),Jeff,Flake,AZ,R,Yea,Nay,Yea,Nay,Yea,Nay,Nay,Nay,Yea,Nay,Yea,Nay,Yea,Nay,Nay,Yea,Yea,Nay,Yea,Yea,Nay,Yea,Nay,Yea,Nay,Yea,Yea,Yea,Yea,Yea,Yea,Yea,Yea,Yea,Yea,Yea,Yea,Yea,Yea,Yea,Yea,Yea,Yea,Yea,Yea,Yea,Yea,Yea,Yea,Yea,Yea,Yea,Not Voting,Yea,Yea,Yea,Yea,Nay,Yea,Yea,Yea,Yea,Yea,Yea,Yea,Yea,Yea,Yea,Yea,Nay,Yea,Yea,Yea,Yea,Yea,Yea,Yea,Yea,Yea,Yea,Not Voting,Yea,Yea,Yea,Yea,Yea,Yea,Yea,Yea,Yea,Yea,Yea,Yea,Yea,Yea,Yea,Yea,Yea,Yea,Yea,Yea,Yea,Yea,Yea,Yea,Yea,Nay,Nay,Nay,Yea,Yea,Not Voting,Not Voting,Yea,Yea,Yea,Not Voting,Yea,Yea,Yea,Nay,Yea,Yea,Yea,Yea,Yea,Yea,Not Voting,Yea,Yea,Yea,Yea,Yea,Yea,Yea,Yea,Yea,Not Voting,Yea,Yea,Yea,Yea,Nay,Yea,Yea,Yea,Yea,Yea,Yea,Yea,Yea,Yea,Yea,Not Voting,Yea,Yea,Yea,Yea,Yea,Yea,Not Voting,Yea,Yea,Yea,Yea,Yea,Yea,Yea,Yea,Nay,Nay,Nay,Nay,Yea,Yea,Nay,Yea,Nay,Yea
2017,115,1,Franken (D-MN),Al,Franken,MN,D,Nay,Yea,Nay,Yea,Nay,Yea,Yea,Yea,Nay,Yea,Nay,Yea,Nay,Yea,Yea,Nay,Nay,Yea,Nay,Yea,Yea,Nay,Yea,Nay,Yea,Nay,Yea,Yea,Yea,Yea,Yea,Nay,Yea,Nay,Yea,Nay,Nay,Nay,Nay,Nay,Nay,Nay,Nay,Nay,Nay,Nay,Nay,Nay,Nay,Nay,Nay,Nay,Yea,Nay,Nay,Yea,Nay,Yea,Nay,Nay,Nay,Nay,Nay,Yea,Yea,Nay,Nay,Nay,Nay,Yea,Nay,Nay,Nay,Nay,Nay,Nay,Nay,Nay,Nay,Nay,Nay,Nay,Nay,Nay,Nay,Nay,Nay,Yea,Yea,Yea,Yea,Nay,Nay,Nay,Nay,Nay,Yea,Yea,Nay,Nay,Nay,Yea,Yea,Nay,Nay,Nay,Yea,Yea,Yea,Nay,Nay,Yea,Yea,Yea,Nay,Nay,Nay,Nay,Nay,Nay,Yea,Nay,Nay,Nay,Nay,Yea,Yea,Nay,Nay,Nay,Nay,Yea,Yea,Yea,Yea,Nay,Nay,Yea,Nay,Yea,Yea,Yea,Yea,Yea,Yea,Yea,Yea,Yea,Yea,Yea,Nay,Nay,Yea,Yea,Nay,Nay,Yea,Yea,Yea,Yea,Yea,Yea,Nay,Nay,Nay,Nay,Nay,Nay,Nay,Yea,Yea,Nay,Present,Nay,Yea,Yea,Nay,Yea,Nay
2017,115,1,Gardner (R-CO),Cory,Gardner,CO,R,Yea,Nay,Nay,Nay,Yea,Nay,Nay,Nay,Yea,Nay,Yea,Nay,Yea,Nay,Nay,Yea,Yea,Nay,Yea,Nay,Nay,Yea,Nay,Yea,Nay,Yea,Yea,Yea,Yea,Yea,Yea,Yea,Yea,Yea,Yea,Yea,Yea,Yea,Yea,Yea,Yea,Yea,Yea,Yea,Yea,Yea,Yea,Yea,Yea,Yea,Yea,Yea,Yea,Yea,Yea,Yea,Yea,Nay,Yea,Yea,Yea,Yea,Yea,Yea,Yea,Yea,Yea,Yea,Yea,Nay,Yea,Yea,Yea,Yea,Yea,Yea,Yea,Yea,Yea,Yea,Yea,Yea,Yea,Yea,Yea,Yea,Yea,Yea,Yea,Yea,Yea,Yea,Yea,Yea,Yea,Yea,Yea,Yea,Yea,Yea,Yea,Yea,Yea,Yea,Yea,Yea,Nay,Nay,Nay,Yea,Yea,Yea,Yea,Yea,Yea,Yea,Yea,Yea,Yea,Yea,Yea,Yea,Yea,Yea,Yea,Yea,Nay,Yea,Yea,Yea,Yea,Yea,Yea,Yea,Yea,Yea,Yea,Yea,Yea,Yea,Yea,Yea,Nay,Yea,Yea,Yea,Yea,Yea,Yea,Yea,Yea,Yea,Yea,Yea,Yea,Yea,Yea,Yea,Yea,Yea,Yea,Yea,Yea,Yea,Yea,Yea,Yea,Yea,Yea,Nay,Nay,Yea,Nay,Yea,Yea,Nay,Yea,Nay,Yea
2017,115,1,Gillibrand (D-NY),Kirsten,Gillibrand,NY,D,Nay,Yea,Nay,Yea,Nay,Yea,Yea,Yea,Nay,Yea,Nay,Yea,Nay,Yea,Yea,Nay,Nay,Yea,Nay,Yea,Yea,Nay,Yea,Nay,Yea,Nay,Nay,Yea,Nay,Nay,Nay,Nay,Yea,Nay,Nay,Nay,Nay,Nay,Nay,Nay,Nay,Nay,Nay,Nay,Nay,Nay,Nay,Nay,Nay,Nay,Nay,Nay,Yea,Nay,Nay,Yea,Nay,Yea,Nay,Nay,Nay,Nay,Nay,Yea,Nay,Nay,Nay,Nay,Nay,Yea,Nay,Nay,Nay,Nay,Nay,Nay,Nay,Nay,Nay,Nay,Nay,Nay,Nay,Nay,Nay,Nay,Nay,Nay,Nay,Nay,Yea,Nay,Nay,Nay,Nay,Nay,Yea,Yea,Nay,Nay,Nay,Nay,Nay,Nay,Nay,Nay,Yea,Yea,Yea,Nay,Nay,Nay,Nay,Nay,Nay,Nay,Nay,Nay,Nay,Nay,Yea,Nay,Nay,Nay,Nay,Nay,Nay,Nay,Nay,Nay,Nay,Nay,Nay,Nay,Nay,Nay,Nay,Yea,Nay,Nay,Nay,Yea,Yea,Yea,Yea,Yea,Yea,Nay,Nay,Nay,Nay,Nay,Nay,Nay,Nay,Nay,Yea,Yea,Nay,Nay,Nay,Nay,Nay,Nay,Nay,Nay,Nay,Nay,Nay,Yea,Yea,Nay,Present,Nay,Yea,Nay,Nay,Yea,Nay
2017,115,1,Graham (R-SC),Lindsey,Graham,SC,R,Yea,Nay,Not Voting,Not Voting,Yea,Nay,Nay,Nay,Yea,Nay,Yea,Nay,Yea,Nay,Nay,Yea,Yea,Nay,Yea,Nay,Nay,Yea,Nay,Yea,Nay,Yea,Yea,Yea,Yea,Yea,Yea,Yea,Yea,Yea,Yea,Yea,Yea,Yea,Yea,Yea,Yea,Yea,Yea,Yea,Not Voting,Yea,Yea,Yea,Yea,Yea,Yea,Yea,Yea,Yea,Yea,Yea,Yea,Nay,Yea,Yea,Yea,Yea,Yea,Yea,Yea,Yea,Yea,Yea,Yea,Nay,Yea,Yea,Yea,Yea,Yea,Yea,Yea,Yea,Yea,Yea,Yea,Yea,Yea,Yea,Yea,Yea,Yea,Yea,Yea,Yea,Yea,Yea,Yea,Yea,Yea,Yea,Yea,Yea,Yea,Yea,Yea,Yea,Yea,Yea,Yea,Yea,Nay,Nay,Nay,Yea,Yea,Yea,Yea,Yea,Yea,Yea,Yea,Yea,Yea,Yea,Nay,Yea,Yea,Yea,Nay,Yea,Yea,Yea,Yea,Yea,Yea,Yea,Yea,Yea,Yea,Yea,Yea,Yea,Yea,Yea,Yea,Yea,Nay,Yea,Nay,Yea,Yea,Not Voting,Not Voting,Yea,Yea,Yea,Yea,Yea,Yea,Yea,Yea,Yea,Yea,Yea,Yea,Yea,Yea,Yea,Yea,Yea,Yea,Nay,Yea,Nay,Nay,Nay,Nay,Yea,Yea,Nay,Yea,Nay,Yea
2017,115,1,Grassley (R-IA),Charles,Grassley,IA,R,Yea,Nay,Nay,Nay,Nay,Nay,Nay,Nay,Yea,Nay,Yea,Nay,Yea,Nay,Nay,Yea,Yea,Nay,Nay,Yea,Nay,Yea,Nay,Yea,Nay,Yea,Yea,Yea,Yea,Yea,Yea,Yea,Yea,Yea,Yea,Yea,Yea,Yea,Yea,Yea,Yea,Yea,Yea,Yea,Yea,Yea,Yea,Yea,Yea,Yea,Yea,Yea,Yea,Yea,Yea,Yea,Yea,Nay,Yea,Yea,Yea,Yea,Yea,Yea,Yea,Yea,Yea,Yea,Yea,Nay,Yea,Yea,Yea,Yea,Yea,Yea,Yea,Yea,Yea,Yea,Yea,Yea,Yea,Yea,Yea,Yea,Yea,Yea,Yea,Yea,Yea,Yea,Yea,Yea,Yea,Yea,Yea,Yea,Yea,Yea,Yea,Yea,Yea,Yea,Yea,Yea,Nay,Nay,Nay,Yea,Yea,Yea,Yea,Yea,Yea,Yea,Yea,Yea,Yea,Yea,Nay,Yea,Yea,Yea,Yea,Yea,Yea,Yea,Yea,Yea,Yea,Yea,Yea,Yea,Yea,Yea,Yea,Yea,Yea,Yea,Yea,Yea,Nay,Yea,Yea,Yea,Yea,Yea,Yea,Yea,Yea,Yea,Yea,Yea,Yea,Yea,Yea,Yea,Yea,Yea,Yea,Yea,Yea,Yea,Yea,Yea,Yea,Yea,Yea,Nay,Nay,Nay,Nay,Yea,Yea,Nay,Yea,Nay,Yea
2017,115,1,Harris (D-CA),Kamala,Harris,CA,D,Nay,Yea,Nay,Yea,Nay,Yea,Yea,Yea,Nay,Yea,Nay,Yea,Nay,Yea,Yea,Nay,Nay,Yea,Nay,Yea,Yea,Nay,Yea,Nay,Yea,Nay,Yea,Yea,Yea,Nay,Yea,Nay,Yea,Nay,Yea,Nay,Nay,Nay,Nay,Nay,Nay,Nay,Nay,Nay,Nay,Nay,Nay,Nay,Nay,Nay,Nay,Nay,Yea,Nay,Nay,Yea,Nay,Yea,Nay,Nay,Nay,Nay,Nay,Yea,Nay,Nay,Nay,Nay,Nay,Yea,Nay,Nay,Nay,Nay,Nay,Nay,Nay,Nay,Nay,Nay,Nay,Nay,Nay,Nay,Nay,Nay,Nay,Nay,Nay,Nay,Yea,Nay,Nay,Nay,Nay,Nay,Yea,Yea,Nay,Nay,Nay,Yea,Nay,Nay,Nay,Nay,Yea,Yea,Yea,Nay,Nay,Nay,Nay,Nay,Nay,Nay,Nay,Nay,Nay,Nay,Yea,Nay,Nay,Nay,Nay,Nay,Nay,Nay,Nay,Nay,Nay,Nay,Not Voting,Nay,Nay,Nay,Nay,Yea,Yea,Yea,Nay,Yea,Yea,Yea,Yea,Yea,Yea,Yea,Nay,Nay,Nay,Nay,Nay,Nay,Nay,Nay,Yea,Yea,Nay,Nay,Nay,Nay,Nay,Nay,Nay,Nay,Nay,Nay,Nay,Yea,Yea,Nay,Present,Nay,Yea,Yea,Nay,Yea,Nay
2017,115,1,Hassan (D-NH),Maggie,Hassan,NH,D,Nay,Yea,Nay,Yea,Nay,Yea,Yea,Yea,Nay,Yea,Nay,Yea,Nay,Yea,Yea,Nay,Nay,Yea,Nay,Yea,Yea,Nay,Yea,Nay,Yea,Nay,Yea,Yea,Yea,Yea,Yea,Yea,Yea,Nay,Yea,Nay,Nay,Nay,Nay,Nay,Nay,Nay,Nay,Nay,Nay,Nay,Nay,Nay,Nay,Nay,Nay,Nay,Yea,Nay,Nay,Yea,Nay,Yea,Nay,Nay,Nay,Nay,Nay,Yea,Yea,Nay,Nay,Nay,Nay,Yea,Nay,Yea,Yea,Nay,Nay,Nay,Nay,Nay,Nay,Nay,Nay,Nay,Nay,Nay,Nay,Nay,Nay,Yea,Yea,Yea,Yea,Nay,Nay,Nay,Nay,Nay,Yea,Yea,Nay,Nay,Nay,Yea,Yea,Nay,Nay,Nay,Yea,Yea,Yea,Nay,Nay,Yea,Yea,Yea,Nay,Nay,Yea,Nay,Nay,Nay,Yea,Nay,Nay,Nay,Nay,Yea,Yea,Nay,Nay,Nay,Nay,Yea,Yea,Yea,Yea,Nay,Nay,Yea,Nay,Yea,Yea,Yea,Yea,Yea,Yea,Yea,Yea,Yea,Yea,Yea,Nay,Nay,Yea,Yea,Nay,Nay,Yea,Yea,Yea,Yea,Yea,Yea,Nay,Nay,Nay,Nay,Nay,Nay,Nay,Yea,Yea,Nay,Present,Nay,Yea,Yea,Nay,Yea,Nay
2017,115,1,Hatch (R-UT),Orrin,Hatch,UT,R,Yea,Nay,Nay,Nay,Nay,Nay,Nay,Nay,Yea,Nay,Yea,Nay,Yea,Nay,Nay,Yea,Yea,Nay,Nay,Nay,Nay,Yea,Nay,Yea,Nay,Yea,Yea,Yea,Yea,Yea,Yea,Yea,Yea,Yea,Yea,Yea,Yea,Yea,Yea,Yea,Yea,Yea,Yea,Yea,Yea,Yea,Yea,Yea,Yea,Yea,Yea,Yea,Yea,Yea,Yea,Yea,Yea,Nay,Yea,Yea,Yea,Yea,Yea,Yea,Yea,Yea,Yea,Yea,Yea,Nay,Yea,Yea,Yea,Yea,Yea,Yea,Yea,Yea,Yea,Yea,Yea,Yea,Yea,Yea,Yea,Yea,Yea,Yea,Yea,Yea,Yea,Yea,Yea,Yea,Yea,Yea,Yea,Yea,Yea,Yea,Yea,Yea,Yea,Yea,Yea,Yea,Nay,Nay,Nay,Yea,Yea,Yea,Yea,Yea,Yea,Yea,Yea,Yea,Yea,Yea,Yea,Yea,Yea,Yea,Yea,Yea,Yea,Yea,Yea,Yea,Yea,Yea,Yea,Yea,Yea,Yea,Yea,Yea,Yea,Yea,Yea,Yea,Nay,Yea,Yea,Yea,Yea,Yea,Yea,Yea,Yea,Yea,Yea,Yea,Yea,Yea,Yea,Yea,Yea,Yea,Yea,Yea,Yea,Yea,Yea,Yea,Yea,Yea,Yea,Nay,Nay,Nay,Nay,Yea,Yea,Nay,Yea,Nay,Yea
2017,115,1,Heinrich (D-NM),Martin,Heinrich,NM,D,Nay,Yea,Nay,Yea,Nay,Yea,Yea,Yea,Nay,Yea,Nay,Yea,Nay,Yea,Yea,Nay,Nay,Yea,Nay,Nay,Yea,Nay,Yea,Nay,Yea,Nay,Yea,Yea,Yea,Nay,Yea,Nay,Nay,Not Voting,Yea,Nay,Nay,Nay,Nay,Nay,Nay,Nay,Nay,Nay,Nay,Nay,Nay,Nay,Nay,Nay,Nay,Nay,Yea,Nay,Nay,Yea,Nay,Yea,Nay,Nay,Nay,Nay,Nay,Yea,Nay,Nay,Nay,Nay,Nay,Yea,Nay,Nay,Nay,Yea,Yea,Nay,Nay,Nay,Nay,Nay,Nay,Nay,Nay,Nay,Nay,Nay,Nay,Yea,Yea,Yea,Yea,Nay,Nay,Nay,Nay,Nay,Yea,Yea,Nay,Nay,Nay,Yea,Nay,Nay,Nay,Nay,Yea,Yea,Yea,Nay,Nay,Yea,Yea,Yea,Nay,Nay,Nay,Nay,Nay,Nay,Yea,Yea,Nay,Nay,Nay,Nay,Yea,Nay,Nay,Nay,Nay,Yea,Yea,Yea,Yea,Nay,Nay,Yea,Nay,Yea,Yea,Yea,Yea,Yea,Yea,Yea,Yea,Yea,Yea,Yea,Nay,Nay,Yea,Yea,Nay,Nay,Yea,Yea,Nay,Nay,Yea,Yea,Nay,Nay,Yea,Nay,Nay,Nay,Nay,Yea,Yea,Nay,Present,Nay,Yea,Yea,Yea,Yea,Nay
2017,115,1,Heitkamp (D-ND),Heidi,Heitkamp,ND,D,Nay,Yea,Nay,Yea,Nay,Yea,Yea,Yea,Nay,Yea,Nay,Yea,Nay,Yea,Yea,Nay,Nay,Yea,Nay,Nay,Yea,Nay,Yea,Nay,Yea,Nay,Yea,Yea,Yea,Yea,Yea,Yea,Yea,Yea,Yea,Yea,Yea,Yea,Yea,Nay,Yea,Yea,Yea,Nay,Nay,Nay,Nay,Nay,Nay,Nay,Nay,Nay,Yea,Nay,Nay,Yea,Nay,Yea,Nay,Nay,Nay,Nay,Nay,Yea,Yea,Yea,Nay,Nay,Yea,Yea,Yea,Yea,Yea,Yea,Yea,Yea,Yea,Yea,Yea,Nay,Nay,Nay,Yea,Nay,Yea,Yea,Nay,Yea,Yea,Yea,Yea,Nay,Nay,Nay,Nay,Nay,Yea,Yea,Nay,Nay,Nay,Yea,Yea,Yea,Yea,Yea,Yea,Yea,Yea,Yea,Yea,Yea,Yea,Yea,Yea,Yea,Yea,Yea,Nay,Nay,Yea,Yea,Yea,Yea,Nay,Yea,Yea,Yea,Yea,Nay,Nay,Yea,Yea,Yea,Yea,Nay,Nay,Yea,Yea,Yea,Yea,Yea,Yea,Yea,Yea,Yea,Yea,Yea,Yea,Yea,Yea,Yea,Yea,Yea,Yea,Yea,Yea,Yea,Yea,Yea,Yea,Yea,Nay,Nay,Yea,Yea,Nay,Nay,Nay,Yea,Yea,Nay,Nay,Nay,Yea,Yea,Nay,Yea,Nay
2017,115,1,Heller (R-NV),Dean,Heller,NV,R,Yea,Nay,Nay,Yea,Yea,Nay,Nay,Nay,Yea,Yea,Yea,Nay,Yea,Yea,Yea,Yea,Yea,Yea,Yea,Yea,Nay,Yea,Yea,Yea,Yea,Yea,Yea,Yea,Yea,Yea,Yea,Yea,Yea,Yea,Yea,Yea,Yea,Yea,Yea,Yea,Yea,Yea,Yea,Yea,Yea,Yea,Yea,Yea,Yea,Yea,Yea,Yea,Nay,Yea,Yea,Yea,Yea,Nay,Yea,Yea,Yea,Yea,Yea,Yea,Yea,Yea,Yea,Yea,Yea,Nay,Yea,Yea,Yea,Yea,Yea,Yea,Yea,Yea,Yea,Yea,Yea,Yea,Yea,Yea,Yea,Yea,Yea,Yea,Yea,Yea,Yea,Yea,Yea,Yea,Yea,Yea,Yea,Yea,Yea,Yea,Yea,Yea,Yea,Yea,Yea,Yea,Nay,Nay,Nay,Yea,Yea,Yea,Yea,Yea,Yea,Yea,Not Voting,Yea,Yea,Yea,Nay,Yea,Yea,Yea,Yea,Yea,Yea,Yea,Yea,Yea,Yea,Yea,Yea,Yea,Yea,Yea,Yea,Yea,Nay,Yea,Yea,Yea,Yea,Yea,Yea,Yea,Yea,Yea,Yea,Yea,Yea,Yea,Nay,Nay,Yea,Yea,Yea,Yea,Yea,Yea,Not Voting,Yea,Yea,Yea,Yea,Yea,Yea,Nay,Nay,Nay,Nay,Yea,Nay,Yea,Yea,Nay,Yea,Nay,Yea
2017,115,1,Hirono (D-HI),Mazie,Hirono,HI,D,Nay,Yea,Nay,Yea,Nay,Yea,Yea,Yea,Nay,Yea,Nay,Yea,Nay,Yea,Yea,Nay,Nay,Yea,Nay,Yea,Yea,Nay,Yea,Nay,Yea,Nay,Yea,Yea,Yea,Yea,Yea,Nay,Yea,Nay,Yea,Nay,Nay,Nay,Nay,Nay,Nay,Nay,Nay,Nay,Nay,Nay,Nay,Nay,Nay,Nay,Nay,Nay,Yea,Nay,Nay,Yea,Nay,Yea,Nay,Nay,Nay,Nay,Nay,Yea,Yea,Nay,Nay,Nay,Nay,Yea,Nay,Nay,Nay,Nay,Nay,Nay,Nay,Nay,Nay,Nay,Nay,Nay,Nay,Nay,Nay,Nay,Nay,Yea,Yea,Nay,Yea,Nay,Nay,Nay,Nay,Nay,Yea,Yea,Nay,Nay,Nay,Yea,Yea,Nay,Nay,Nay,Yea,Yea,Yea,Nay,Nay,Yea,Yea,Yea,Nay,Nay,Nay,Nay,Nay,Nay,Yea,Nay,Nay,Nay,Nay,Yea,Yea,Nay,Nay,Not Voting,Not Voting,Not Voting,Nay,Yea,Yea,Nay,Not Voting,Yea,Nay,Yea,Yea,Yea,Yea,Yea,Yea,Yea,Yea,Yea,Yea,Yea,Nay,Nay,Yea,Yea,Not Voting,Nay,Yea,Yea,Nay,Nay,Yea,Yea,Nay,Nay,Nay,Nay,Nay,Nay,Nay,Yea,Yea,Nay,Present,Nay,Yea,Yea,Nay,Yea,Nay
2017,115,1,Hoeven (R-ND),John,Hoeven,ND,R,Yea,Nay,Nay,Nay,Yea,Nay,Nay,Nay,Yea,Nay,Yea,Nay,Yea,Nay,Nay,Yea,Yea,Nay,Yea,Nay,Nay,Yea,Nay,Yea,Nay,Yea,Yea,Yea,Yea,Yea,Yea,Yea,Yea,Yea,Yea,Yea,Yea,Yea,Yea,Yea,Yea,Yea,Yea,Yea,Yea,Yea,Yea,Yea,Yea,Yea,Yea,Yea,Yea,Yea,Yea,Yea,Yea,Nay,Yea,Yea,Yea,Yea,Yea,Yea,Yea,Yea,Yea,Yea,Yea,Nay,Yea,Yea,Yea,Yea,Yea,Yea,Yea,Yea,Yea,Yea,Yea,Yea,Yea,Yea,Yea,Yea,Yea,Yea,Yea,Yea,Yea,Yea,Yea,Yea,Yea,Yea,Yea,Yea,Yea,Yea,Yea,Yea,Yea,Yea,Yea,Yea,Nay,Nay,Nay,Yea,Yea,Yea,Yea,Yea,Yea,Yea,Yea,Yea,Yea,Yea,Yea,Yea,Yea,Yea,Yea,Yea,Yea,Yea,Yea,Yea,Yea,Yea,Yea,Yea,Yea,Yea,Yea,Yea,Yea,Yea,Yea,Yea,Nay,Yea,Yea,Yea,Yea,Yea,Yea,Yea,Yea,Yea,Yea,Yea,Yea,Yea,Yea,Yea,Yea,Yea,Yea,Yea,Yea,Yea,Yea,Yea,Yea,Yea,Yea,Nay,Nay,Nay,Nay,Yea,Yea,Nay,Yea,Nay,Yea
2017,115,1,Inhofe (R-OK),Jim,Inhofe,OK,R,Yea,Nay,Nay,Nay,Yea,Nay,Nay,Nay,Yea,Nay,Yea,Nay,Yea,Nay,Nay,Yea,Yea,Nay,Yea,Nay,Nay,Yea,Nay,Yea,Nay,Yea,Yea,Yea,Yea,Yea,Yea,Yea,Yea,Yea,Yea,Yea,Yea,Yea,Yea,Yea,Yea,Yea,Yea,Yea,Yea,Yea,Yea,Yea,Yea,Yea,Yea,Yea,Yea,Yea,Yea,Yea,Yea,Nay,Yea,Yea,Yea,Yea,Yea,Yea,Yea,Yea,Yea,Yea,Yea,Nay,Yea,Yea,Yea,Yea,Yea,Yea,Yea,Yea,Yea,Yea,Yea,Yea,Yea,Yea,Yea,Yea,Yea,Yea,Yea,Yea,Not Voting,Yea,Yea,Yea,Yea,Yea,Yea,Yea,Yea,Yea,Yea,Yea,Yea,Yea,Yea,Yea,Nay,Nay,Nay,Yea,Yea,Yea,Yea,Yea,Yea,Yea,Yea,Yea,Yea,Yea,Yea,Yea,Yea,Yea,Yea,Yea,Yea,Yea,Yea,Yea,Yea,Yea,Yea,Yea,Yea,Yea,Yea,Yea,Yea,Yea,Yea,Yea,Nay,Yea,Yea,Yea,Yea,Yea,Yea,Yea,Yea,Yea,Yea,Yea,Yea,Yea,Yea,Yea,Yea,Yea,Yea,Yea,Yea,Yea,Yea,Yea,Yea,Yea,Yea,Nay,Nay,Nay,Nay,Yea,Yea,Nay,Yea,Nay,Yea
2017,115,1,Isakson (R-GA),John,Isakson,GA,R,Yea,Nay,Nay,Nay,Nay,Nay,Nay,Nay,Yea,Nay,Yea,Nay,Yea,Nay,Nay,Yea,Yea,Nay,Yea,Nay,Nay,Yea,Nay,Yea,Nay,Yea,Yea,Yea,Yea,Yea,Not Voting,Yea,Yea,Yea,Yea,Yea,Yea,Yea,Yea,Yea,Yea,Yea,Yea,Yea,Yea,Yea,Yea,Yea,Yea,Yea,Yea,Yea,Yea,Yea,Yea,Not Voting,Not Voting,Nay,Yea,Yea,Yea,Yea,Yea,Yea,Yea,Yea,Yea,Yea,Yea,Nay,Yea,Yea,Not Voting,Not Voting,Not Voting,Not Voting,Not Voting,Not Voting,Not Voting,Not Voting,Not Voting,Not Voting,Not Voting,Not Voting,Not Voting,Not Voting,Not Voting,Not Voting,Not Voting,Not Voting,Not Voting,Not Voting,Not Voting,Not Voting,Not Voting,Not Voting,Not Voting,Not Voting,Not Voting,Yea,Yea,Not Voting,Not Voting,Not Voting,Yea,Yea,Nay,Nay,Nay,Yea,Not Voting,Yea,Yea,Yea,Yea,Yea,Not Voting,Not Voting,Yea,Yea,Not Voting,Not Voting,Not Voting,Not Voting,Yea,Yea,Not Voting,Not Voting,Not Voting,Yea,Yea,Yea,Not Voting,Not Voting,Yea,Yea,Yea,Yea,Yea,Yea,Yea,Yea,Nay,Yea,Yea,Yea,Yea,Yea,Yea,Yea,Yea,Yea,Yea,Not Voting,Yea,Yea,Yea,Yea,Yea,Yea,Yea,Yea,Yea,Yea,Yea,Yea,Yea,Yea,Yea,Nay,Nay,Nay,Nay,Yea,Yea,Nay,Yea,Nay,Yea
2017,115,1,Johnson (R-WI),Ron,Johnson,WI,R,Yea,Nay,Nay,Nay,Yea,Nay,Nay,Nay,Yea,Nay,Yea,Nay,Yea,Nay,Nay,Yea,Yea,Nay,Yea,Nay,Nay,Yea,Nay,Yea,Nay,Yea,Yea,Yea,Yea,Yea,Yea,Yea,Yea,Yea,Yea,Yea,Yea,Yea,Yea,Yea,Yea,Yea,Yea,Yea,Yea,Yea,Yea,Yea,Yea,Yea,Yea,Yea,Yea,Yea,Yea,Yea,Yea,Nay,Yea,Yea,Yea,Yea,Yea,Yea,Yea,Yea,Yea,Yea,Yea,Nay,Yea,Yea,Yea,Yea,Yea,Yea,Yea,Yea,Yea,Yea,Yea,Yea,Yea,Yea,Yea,Yea,Yea,Yea,Yea,Yea,Yea,Yea,Yea,Yea,Yea,Yea,Yea,Yea,Yea,Yea,Yea,Yea,Yea,Yea,Yea,Yea,Nay,Nay,Nay,Yea,Yea,Yea,Yea,Yea,Yea,Yea,Yea,Yea,Yea,Yea,Yea,Yea,Yea,Yea,Yea,Yea,Yea,Yea,Yea,Yea,Yea,Yea,Yea,Yea,Yea,Yea,Yea,Yea,Yea,Yea,Yea,Yea,Nay,Yea,Yea,Yea,Yea,Yea,Yea,Yea,Yea,Yea,Yea,Yea,Yea,Yea,Yea,Yea,Yea,Yea,Yea,Yea,Yea,Yea,Yea,Yea,Yea,Yea,Yea,Nay,Not Voting,Nay,Nay,Yea,Yea,Nay,Yea,Nay,Yea
2017,115,1,Kaine (D-VA),Timothy,Kaine,VA,D,Nay,Yea,Nay,Yea,Nay,Yea,Yea,Yea,Nay,Yea,Nay,Yea,Nay,Yea,Yea,Nay,Nay,Yea,Nay,Yea,Yea,Nay,Yea,Nay,Yea,Nay,Yea,Yea,Yea,Yea,Not Voting,Yea,Yea,Nay,Yea,Nay,Nay,Nay,Nay,Nay,Nay,Nay,Nay,Nay,Nay,Nay,Nay,Nay,Nay,Nay,Nay,Nay,Yea,Nay,Nay,Yea,Nay,Yea,Nay,Nay,Nay,Nay,Nay,Yea,Yea,Nay,Nay,Nay,Nay,Yea,Nay,Yea,Yea,Yea,Yea,Nay,Nay,Nay,Nay,Nay,Nay,Nay,Nay,Nay,Nay,Nay,Nay,Yea,Yea,Yea,Yea,Nay,Nay,Nay,Nay,Nay,Yea,Yea,Nay,Nay,Nay,Yea,Yea,Nay,Nay,Nay,Yea,Yea,Yea,Nay,Nay,Yea,Yea,Yea,Nay,Nay,Nay,Nay,Nay,Nay,Yea,Yea,Nay,Nay,Nay,Yea,Yea,Yea,Yea,Nay,Not Voting,Not Voting,Yea,Yea,Yea,Nay,Nay,Yea,Yea,Yea,Yea,Yea,Yea,Yea,Yea,Yea,Yea,Yea,Yea,Yea,Yea,Yea,Yea,Yea,Nay,Nay,Yea,Yea,Yea,Yea,Yea,Yea,Nay,Nay,Nay,Nay,Nay,Nay,Nay,Yea,Yea,Nay,Present,Nay,Yea,Nay,Nay,Yea,Nay
2017,115,1,Kennedy (R-LA),John,Kennedy,LA,R,Yea,Nay,Yea,Nay,Nay,Nay,Nay,Nay,Yea,Nay,Yea,Nay,Yea,Nay,Nay,Yea,Yea,Nay,Yea,Yea,Nay,Yea,Nay,Yea,Nay,Yea,Yea,Yea,Yea,Yea,Yea,Yea,Yea,Yea,Yea,Yea,Yea,Yea,Yea,Yea,Yea,Yea,Yea,Yea,Yea,Yea,Yea,Yea,Yea,Yea,Yea,Yea,Yea,Yea,Yea,Yea,Yea,Nay,Yea,Yea,Yea,Yea,Yea,Yea,Yea,Yea,Yea,Yea,Yea,Nay,Yea,Yea,Yea,Yea,Yea,Yea,Yea,Yea,Yea,Yea,Yea,Yea,Yea,Yea,Yea,Yea,Yea,Yea,Yea,Yea,Yea,Yea,Yea,Yea,Yea,Yea,Yea,Yea,Yea,Yea,Yea,Yea,Yea,Yea,Yea,Yea,Nay,Nay,Nay,Yea,Yea,Yea,Yea,Yea,Yea,Yea,Yea,Yea,Yea,Yea,Nay,Yea,Yea,Yea,Yea,Yea,Yea,Yea,Yea,Yea,Yea,Yea,Yea,Yea,Yea,Yea,Yea,Yea,Yea,Yea,Yea,Yea,Nay,Yea,Yea,Yea,Yea,Yea,Yea,Yea,Yea,Yea,Yea,Yea,Yea,Yea,Yea,Yea,Yea,Yea,Yea,Yea,Yea,Yea,Yea,Yea,Yea,Yea,Yea,Nay,Nay,Nay,Nay,Yea,Yea,Nay,Yea,Nay,Yea
2017,115,1,King (I-ME),Angus,King,ME,I,Nay,Yea,Nay,Yea,Nay,Yea,Yea,Yea,Nay,Yea,Nay,Yea,Nay,Yea,Yea,Nay,Nay,Yea,Nay,Yea,Yea,Nay,Yea,Nay,Yea,Nay,Yea,Yea,Yea,Yea,Yea,Yea,Yea,Yea,Yea,Yea,Yea,Yea,Yea,Nay,Nay,Nay,Nay,Nay,Yea,Nay,Yea,Nay,Nay,Nay,Nay,Nay,Yea,Nay,Nay,Yea,Nay,Yea,Nay,Nay,Nay,Nay,Nay,Yea,Yea,Yea,Nay,Nay,Nay,Yea,Nay,Yea,Yea,Yea,Yea,Yea,Yea,Yea,Yea,Nay,Nay,Nay,Yea,Nay,Yea,Yea,Nay,Yea,Yea,Yea,Yea,Yea,Nay,Nay,Nay,Nay,Yea,Yea,Nay,Nay,Nay,Yea,Yea,Nay,Nay,Nay,Yea,Yea,Yea,Nay,Nay,Yea,Yea,Yea,Yea,Yea,Yea,Yea,Nay,Nay,Yea,Yea,Yea,Yea,Nay,Yea,Yea,Nay,Nay,Nay,Nay,Yea,Yea,Yea,Yea,Nay,Nay,Yea,Yea,Yea,Yea,Yea,Yea,Yea,Yea,Yea,Yea,Yea,Yea,Yea,Yea,Yea,Yea,Yea,Yea,Yea,Yea,Yea,Yea,Yea,Yea,Yea,Nay,Nay,Yea,Yea,Nay,Nay,Nay,Yea,Yea,Nay,Nay,Nay,Yea,Yea,Nay,Yea,Nay
2017,115,1,Klobuchar (D-MN),Amy,Klobuchar,MN,D,Nay,Yea,Nay,Yea,Nay,Yea,Yea,Yea,Nay,Yea,Nay,Yea,Nay,Yea,Yea,Nay,Nay,Yea,Nay,Yea,Yea,Nay,Yea,Nay,Yea,Nay,Yea,Yea,Yea,Yea,Yea,Yea,Yea,Nay,Yea,Nay,Nay,Nay,Nay,Nay,Nay,Nay,Nay,Nay,Nay,Nay,Nay,Nay,Nay,Nay,Nay,Nay,Yea,Nay,Nay,Yea,Nay,Yea,Nay,Nay,Nay,Nay,Nay,Yea,Yea,Nay,Nay,Nay,Nay,Yea,Nay,Yea,Yea,Nay,Nay,Nay,Nay,Nay,Nay,Nay,Nay,Nay,Nay,Nay,Nay,Nay,Nay,Yea,Yea,Yea,Yea,Nay,Nay,Nay,Nay,Nay,Yea,Yea,Nay,Nay,Nay,Yea,Yea,Nay,Nay,Nay,Yea,Yea,Yea,Nay,Nay,Yea,Yea,Yea,Nay,Nay,Nay,Nay,Nay,Nay,Yea,Yea,Nay,Nay,Nay,Yea,Yea,Nay,Nay,Nay,Nay,Yea,Yea,Yea,Yea,Nay,Nay,Yea,Yea,Yea,Yea,Yea,Yea,Yea,Yea,Yea,Yea,Yea,Yea,Yea,Nay,Nay,Yea,Yea,Nay,Nay,Yea,Yea,Yea,Yea,Yea,Yea,Nay,Nay,Nay,Nay,Nay,Nay,Nay,Yea,Yea,Nay,Present,Nay,Yea,Yea,Nay,Yea,Nay
2017,115,1,Lankford (R-OK),James,Lankford,OK,R,Yea,Nay,Yea,Nay,Yea,Nay,Nay,Nay,Yea,Nay,Yea,Nay,Yea,Nay,Nay,Yea,Yea,Nay,Yea,Nay,Nay,Yea,Nay,Yea,Nay,Yea,Yea,Yea,Yea,Yea,Yea,Yea,Yea,Yea,Yea,Yea,Yea,Yea,Yea,Yea,Yea,Yea,Yea,Yea,Yea,Yea,Yea,Yea,Yea,Yea,Yea,Yea,Yea,Yea,Yea,Yea,Yea,Nay,Yea,Yea,Yea,Yea,Yea,Yea,Yea,Yea,Yea,Yea,Yea,Nay,Yea,Yea,Yea,Yea,Yea,Yea,Yea,Yea,Yea,Yea,Yea,Yea,Yea,Yea,Yea,Yea,Yea,Yea,Yea,Yea,Yea,Yea,Yea,Yea,Yea,Yea,Yea,Yea,Yea,Yea,Yea,Yea,Yea,Yea,Yea,Yea,Nay,Nay,Nay,Yea,Yea,Yea,Yea,Yea,Yea,Yea,Yea,Yea,Yea,Yea,Yea,Yea,Yea,Yea,Yea,Yea,Yea,Yea,Yea,Yea,Yea,Yea,Yea,Yea,Yea,Yea,Yea,Yea,Yea,Yea,Yea,Yea,Nay,Yea,Yea,Yea,Yea,Yea,Yea,Yea,Yea,Yea,Yea,Yea,Yea,Yea,Yea,Yea,Yea,Yea,Yea,Yea,Yea,Yea,Yea,Yea,Yea,Yea,Yea,Nay,Nay,Nay,Nay,Yea,Yea,Nay,Yea,Nay,Yea
2017,115,1,Leahy (D-VT),Patrick,Leahy,VT,D,Nay,Yea,Nay,Yea,Nay,Yea,Yea,Yea,Nay,Yea,Nay,Yea,Nay,Yea,Yea,Nay,Nay,Yea,Nay,Yea,Yea,Nay,Yea,Nay,Yea,Nay,Nay,Yea,Yea,Yea,Yea,Nay,Yea,Nay,Yea,Nay,Nay,Nay,Nay,Nay,Nay,Nay,Nay,Nay,Nay,Nay,Nay,Nay,Nay,Nay,Nay,Nay,Yea,Nay,Nay,Yea,Nay,Yea,Nay,Nay,Nay,Nay,Nay,Yea,Yea,Nay,Nay,Nay,Nay,Yea,Nay,Nay,Nay,Nay,Nay,Nay,Nay,Nay,Nay,Not Voting,Nay,Nay,Nay,Nay,Nay,Nay,Nay,Yea,Yea,Yea,Yea,Nay,Nay,Nay,Nay,Nay,Yea,Yea,Nay,Nay,Nay,Yea,Yea,Nay,Nay,Nay,Yea,Yea,Yea,Nay,Nay,Yea,Yea,Yea,Nay,Nay,Nay,Nay,Nay,Nay,Yea,Nay,Nay,Nay,Nay,Yea,Yea,Nay,Nay,Nay,Nay,Yea,Yea,Yea,Yea,Nay,Nay,Yea,Nay,Yea,Yea,Yea,Yea,Yea,Yea,Yea,Yea,Yea,Yea,Yea,Not Voting,Nay,Yea,Yea,Nay,Nay,Yea,Yea,Yea,Yea,Yea,Yea,Nay,Nay,Not Voting,Nay,Nay,Nay,Nay,Yea,Yea,Nay,Present,Nay,Yea,Yea,Nay,Yea,Nay
2017,115,1,Lee (R-UT),Mike,Lee,UT,R,Yea,Nay,Yea,Nay,Yea,Nay,Nay,Nay,Yea,Nay,Yea,Nay,Yea,Nay,Nay,Nay,Yea,Nay,Yea,Yea,Nay,Yea,Nay,Yea,Nay,Yea,Yea,Yea,Yea,Yea,Yea,Yea,Yea,Yea,Yea,Yea,Yea,Yea,Yea,Yea,Yea,Yea,Yea,Yea,Yea,Yea,Yea,Yea,Yea,Yea,Yea,Yea,Yea,Yea,Yea,Yea,Yea,Nay,Yea,Yea,Yea,Yea,Yea,Yea,Yea,Yea,Yea,Yea,Yea,Nay,Yea,Yea,Yea,Yea,Yea,Yea,Yea,Yea,Yea,Yea,Yea,Yea,Yea,Yea,Yea,Yea,Yea,Yea,Yea,Yea,Yea,Yea,Yea,Yea,Yea,Yea,Nay,Nay,Yea,Yea,Yea,Yea,Yea,Yea,Yea,Yea,Nay,Nay,Nay,Yea,Yea,Yea,Yea,Yea,Yea,Yea,Yea,Yea,Yea,Yea,Nay,Yea,Yea,Yea,Yea,Yea,Yea,Yea,Yea,Yea,Yea,Yea,Not Voting,Yea,Yea,Yea,Yea,Yea,Yea,Yea,Yea,Yea,Yea,Nay,Yea,Yea,Yea,Yea,Yea,Yea,Yea,Yea,Yea,Yea,Yea,Yea,Yea,Yea,Yea,Yea,Yea,Yea,Yea,Yea,Yea,Yea,Yea,Nay,Yea,Nay,Nay,Nay,Nay,Yea,Yea,Nay,Yea,Nay,Yea
2017,115,1,Manchin (D-WV),Joe,Manchin,WV,D,Nay,Yea,Nay,Yea,Nay,Yea,Yea,Yea,Nay,Yea,Nay,Yea,Nay,Yea,Yea,Nay,Nay,Yea,Nay,Yea,Yea,Yea,Yea,Nay,Yea,Nay,Yea,Yea,Yea,Yea,Yea,Yea,Yea,Yea,Yea,Yea,Yea,Nay,Nay,Nay,Yea,Yea,Yea,Yea,Nay,Nay,Nay,Nay,Nay,Nay,Nay,Nay,Yea,Nay,Yea,Yea,Nay,Yea,Yea,Nay,Nay,Yea,Yea,Yea,Yea,Yea,Nay,Nay,Yea,Yea,Yea,Nay,Nay,Yea,Yea,Yea,Yea,Yea,Yea,Nay,Nay,Nay,Yea,Nay,Yea,Yea,Nay,Yea,Yea,Yea,Yea,Nay,Nay,Nay,Yea,Yea,Yea,Yea,Nay,Nay,Nay,Nay,Yea,Yea,Yea,Yea,Yea,Yea,Yea,Yea,Yea,Yea,Yea,Yea,Yea,Yea,Yea,Yea,Nay,Nay,Yea,Yea,Nay,Nay,Nay,Yea,Yea,Yea,Yea,Nay,Nay,Yea,Yea,Yea,Yea,Nay,Nay,Yea,Yea,Yea,Yea,Yea,Nay,Yea,Yea,Yea,Yea,Yea,Yea,Yea,Yea,Yea,Yea,Yea,Yea,Yea,Yea,Yea,Yea,Yea,Yea,Yea,Nay,Nay,Yea,Yea,Nay,Nay,Nay,Yea,Yea,Nay,Nay,Nay,Yea,Yea,Nay,Yea,Nay
2017,115,1,Markey (D-MA),Edward,Markey,MA,D,Nay,Yea,Nay,Yea,Nay,Yea,Yea,Yea,Nay,Yea,Nay,Yea,Nay,Yea,Yea,Nay,Nay,Yea,Nay,Yea,Yea,Nay,Yea,Nay,Yea,Nay,Nay,Yea,Yea,Yea,Yea,Nay,Yea,Nay,Yea,Nay,Nay,Nay,Nay,Nay,Nay,Nay,Nay,Nay,Nay,Nay,Nay,Nay,Nay,Nay,Not Voting,Nay,Yea,Nay,Nay,Yea,Nay,Yea,Nay,Nay,Nay,Nay,Nay,Yea,Nay,Nay,Nay,Nay,Nay,Yea,Nay,Nay,Nay,Nay,Nay,Nay,Nay,Nay,Nay,Nay,Nay,Nay,Nay,Nay,Nay,Nay,Nay,Nay,Nay,Nay,Yea,Nay,Nay,Nay,Nay,Nay,Yea,Yea,Nay,Nay,Nay,Yea,Nay,Nay,Nay,Nay,Yea,Yea,Yea,Nay,Nay,Nay,Yea,Yea,Nay,Nay,Nay,Nay,Nay,Nay,Yea,Nay,Nay,Nay,Nay,Nay,Nay,Nay,Nay,Nay,Nay,Yea,Nay,Yea,Yea,Nay,Nay,Yea,Nay,Yea,Yea,Yea,Yea,Yea,Yea,Yea,Yea,Yea,Yea,Yea,Nay,Nay,Nay,Nay,Nay,Nay,Yea,Yea,Yea,Yea,Nay,Nay,Nay,Nay,Nay,Nay,Nay,Nay,Nay,Yea,Yea,Nay,Present,Nay,Yea,Yea,Nay,Yea,Nay
2017,115,1,McCain (R-AZ),John,McCain,AZ,R,Yea,Nay,Nay,Nay,Yea,Nay,Nay,Nay,Yea,Nay,Yea,Nay,Yea,Nay,Nay,Yea,Yea,Nay,Yea,Yea,Nay,Yea,Nay,Yea,Nay,Yea,Yea,Yea,Yea,Yea,Yea,Yea,Yea,Yea,Yea,Yea,Yea,Yea,Yea,Yea,Yea,Yea,Yea,Yea,Yea,Yea,Yea,Yea,Yea,Yea,Yea,Yea,Yea,Yea,Yea,Yea,Yea,Nay,Yea,Yea,Yea,Yea,Yea,Yea,Yea,Yea,Yea,Nay,Yea,Not Voting,Not Voting,Not Voting,Yea,Yea,Yea,Yea,Yea,Yea,Yea,Yea,Yea,Yea,Yea,Yea,Yea,Yea,Yea,Yea,Yea,Yea,Yea,Yea,Yea,Yea,Yea,Yea,Yea,Yea,Yea,Yea,Yea,Yea,Yea,Yea,Yea,Yea,Nay,Nay,Nay,Yea,Yea,Yea,Yea,Yea,Yea,Yea,Yea,Yea,Yea,Yea,Yea,Yea,Yea,Yea,Nay,Nay,Nay,Yea,Yea,Yea,Yea,Yea,Yea,Yea,Yea,Yea,Yea,Yea,Yea,Yea,Yea,Yea,Nay,Yea,Nay,Yea,Yea,Yea,Yea,Yea,Nay,Yea,Yea,Yea,Yea,Yea,Yea,Yea,Yea,Yea,Not Voting,Not Voting,Not Voting,Not Voting,Not Voting,Not Voting,Yea,Yea,Nay,Nay,Nay,Yea,Nay,Yea,Yea,Nay,Yea,Nay,Nay
2017,115,1,McCaskill (D-MO),Claire,McCaskill,MO,D,Nay,Yea,Nay,Yea,Nay,Yea,Yea,Yea,Nay,Yea,Nay,Yea,Nay,Yea,Yea,Nay,Nay,Yea,Nay,Yea,Yea,Nay,Yea,Nay,Yea,Nay,Yea,Yea,Yea,Yea,Yea,Yea,Yea,Nay,Yea,Nay,Nay,Nay,Nay,Nay,Yea,Yea,Yea,Nay,Nay,Nay,Nay,Nay,Nay,Nay,Nay,Nay,Yea,Nay,Nay,Yea,Nay,Yea,Nay,Nay,Not Voting,Not Voting,Nay,Yea,Yea,Nay,Nay,Nay,Nay,Yea,Nay,Nay,Yea,Yea,Yea,Nay,Nay,Yea,Yea,Nay,Nay,Nay,Yea,Nay,Nay,Nay,Nay,Yea,Yea,Nay,Yea,Nay,Nay,Nay,Nay,Nay,Yea,Yea,Nay,Nay,Nay,Yea,Yea,Nay,Nay,Nay,Yea,Yea,Yea,Nay,Nay,Yea,Yea,Yea,Yea,Yea,Yea,Yea,Nay,Nay,Yea,Yea,Nay,Nay,Nay,Not Voting,Yea,Nay,Nay,Nay,Nay,Yea,Yea,Yea,Yea,Nay,Nay,Yea,Yea,Yea,Yea,Yea,Nay,Yea,Yea,Yea,Yea,Yea,Yea,Yea,Yea,Yea,Yea,Yea,Yea,Yea,Yea,Yea,Yea,Not Voting,Yea,Yea,Nay,Nay,Nay,Nay,Nay,Nay,Nay,Yea,Yea,Nay,Present,Nay,Yea,Yea,Nay,Yea,Nay
2017,115,1,McConnell (R-KY),Mitch,McConnell,KY,R,Yea,Nay,Nay,Nay,Nay,Nay,Nay,Nay,Yea,Nay,Yea,Nay,Yea,Nay,Nay,Yea,Yea,Nay,Yea,Nay,Nay,Yea,Nay,Yea,Nay,Yea,Yea,Yea,Yea,Yea,Yea,Yea,Yea,Yea,Present,Yea,Yea,Yea,Yea,Yea,Yea,Yea,Yea,Yea,Yea,Yea,Yea,Yea,Yea,Yea,Yea,Yea,Yea,Yea,Yea,Yea,Yea,Nay,Yea,Yea,Yea,Yea,Yea,Yea,Yea,Yea,Yea,Yea,Yea,Nay,Yea,Yea,Yea,Yea,Yea,Yea,Yea,Yea,Yea,Yea,Yea,Yea,Yea,Yea,Yea,Yea,Yea,Yea,Yea,Yea,Yea,Yea,Yea,Yea,Yea,Yea,Yea,Yea,Yea,Yea,Yea,Yea,Yea,Yea,Nay,Yea,Nay,Nay,Nay,Yea,Yea,Yea,Yea,Yea,Yea,Yea,Yea,Yea,Yea,Yea,Yea,Yea,Yea,Yea,Yea,Yea,Yea,Yea,Yea,Yea,Yea,Yea,Yea,Yea,Yea,Yea,Yea,Yea,Yea,Yea,Yea,Yea,Nay,Yea,Yea,Yea,Yea,Yea,Yea,Yea,Yea,Yea,Yea,Yea,Yea,Yea,Yea,Yea,Yea,Yea,Yea,Yea,Yea,Yea,Yea,Yea,Yea,Yea,Yea,Nay,Nay,Nay,Nay,Yea,Yea,Nay,Yea,Nay,Yea
2017,115,1,Menendez (D-NJ),Robert,Menendez,NJ,D,Nay,Yea,Nay,Yea,Nay,Yea,Yea,Yea,Nay,Yea,Nay,Yea,Nay,Yea,Yea,Nay,Nay,Yea,Nay,Nay,Yea,Nay,Yea,Nay,Yea,Nay,Yea,Yea,Yea,Yea,Yea,Nay,Yea,Nay,Yea,Nay,Nay,Yea,Nay,Nay,Nay,Nay,Nay,Nay,Nay,Nay,Nay,Nay,Nay,Nay,Nay,Nay,Yea,Nay,Nay,Yea,Nay,Yea,Nay,Nay,Nay,Nay,Nay,Yea,Yea,Nay,Nay,Nay,Nay,Yea,Nay,Nay,Nay,Nay,Nay,Yea,Nay,Nay,Nay,Nay,Nay,Nay,Nay,Nay,Nay,Nay,Nay,Yea,Yea,Yea,Yea,Nay,Nay,Nay,Yea,Yea,Yea,Yea,Nay,Nay,Nay,Nay,Nay,Nay,Nay,Nay,Yea,Yea,Yea,Nay,Nay,Nay,Yea,Yea,Yea,Yea,Nay,Nay,Nay,Nay,Yea,Yea,Nay,Nay,Nay,Yea,Yea,Nay,Nay,Nay,Nay,Yea,Yea,Yea,Yea,Nay,Nay,Not Voting,Nay,Yea,Not Voting,Yea,Yea,Yea,Yea,Yea,Yea,Yea,Yea,Yea,Nay,Nay,Yea,Yea,Nay,Nay,Yea,Yea,Yea,Yea,Yea,Yea,Nay,Nay,Nay,Nay,Nay,Nay,Nay,Yea,Yea,Nay,Present,Nay,Yea,Yea,Nay,Yea,Nay
2017,115,1,Merkley (D-OR),Jeff,Merkley,OR,D,Nay,Yea,Nay,Yea,Nay,Yea,Yea,Yea,Nay,Yea,Nay,Yea,Nay,Yea,Yea,Nay,Nay,Yea,Nay,Yea,Yea,Nay,Yea,Nay,Yea,Nay,Nay,Yea,Yea,Nay,Nay,Nay,Yea,Nay,Nay,Nay,Nay,Nay,Nay,Nay,Nay,Nay,Nay,Nay,Nay,Nay,Nay,Nay,Nay,Nay,Nay,Nay,Yea,Nay,Nay,Yea,Nay,Yea,Nay,Nay,Nay,Nay,Nay,Yea,Nay,Nay,Nay,Nay,Nay,Yea,Nay,Nay,Nay,Nay,Nay,Nay,Nay,Nay,Nay,Nay,Nay,Nay,Nay,Nay,Nay,Nay,Nay,Nay,Nay,Nay,Yea,Nay,Nay,Nay,Nay,Nay,Yea,Yea,Nay,Nay,Nay,Yea,Nay,Nay,Nay,Nay,Yea,Yea,Yea,Nay,Nay,Yea,Yea,Yea,Nay,Nay,Nay,Nay,Nay,Nay,Yea,Nay,Nay,Nay,Nay,Nay,Nay,Nay,Nay,Nay,Nay,Yea,Yea,Yea,Yea,Nay,Nay,Not Voting,Nay,Nay,Yea,Yea,Yea,Yea,Yea,Yea,Yea,Yea,Yea,Yea,Nay,Nay,Nay,Nay,Nay,Nay,Yea,Yea,Nay,Nay,Yea,Yea,Nay,Nay,Nay,Nay,Nay,Nay,Nay,Yea,Yea,Nay,Present,Nay,Yea,Yea,Nay,Yea,Nay
2017,115,1,Moran (R-KS),Jerry,Moran,KS,R,Yea,Nay,Yea,Nay,Yea,Nay,Nay,Nay,Yea,Nay,Yea,Nay,Yea,Nay,Nay,Yea,Yea,Nay,Yea,Nay,Nay,Yea,Nay,Yea,Nay,Yea,Not Voting,Yea,Yea,Yea,Yea,Yea,Yea,Yea,Yea,Yea,Yea,Yea,Yea,Yea,Yea,Yea,Yea,Yea,Yea,Yea,Yea,Yea,Yea,Yea,Yea,Yea,Yea,Yea,Yea,Yea,Yea,Nay,Yea,Yea,Yea,Yea,Yea,Yea,Yea,Yea,Yea,Yea,Yea,Nay,Yea,Yea,Yea,Yea,Yea,Yea,Yea,Yea,Yea,Yea,Yea,Yea,Yea,Yea,Yea,Yea,Yea,Yea,Yea,Yea,Yea,Yea,Yea,Yea,Yea,Yea,Yea,Yea,Yea,Yea,Yea,Yea,Yea,Yea,Yea,Yea,Nay,Nay,Nay,Yea,Yea,Yea,Yea,Yea,Yea,Yea,Yea,Yea,Yea,Yea,Yea,Yea,Yea,Yea,Yea,Yea,Yea,Not Voting,Not Voting,Yea,Yea,Yea,Yea,Yea,Yea,Yea,Yea,Yea,Yea,Yea,Yea,Yea,Nay,Yea,Yea,Yea,Yea,Yea,Yea,Yea,Yea,Yea,Yea,Yea,Yea,Yea,Yea,Yea,Yea,Not Voting,Yea,Yea,Yea,Yea,Not Voting,Yea,Yea,Nay,Yea,Nay,Nay,Nay,Nay,Yea,Yea,Nay,Yea,Nay,Yea
2017,115,1,Murkowski (R-AK),Lisa,Murkowski,AK,R,Yea,Nay,Nay,Nay,Yea,Nay,Nay,Nay,Yea,Nay,Yea,Nay,Yea,Nay,Nay,Yea,Yea,Nay,Yea,Yea,Nay,Yea,Nay,Yea,Nay,Yea,Yea,Yea,Yea,Yea,Yea,Yea,Yea,Yea,Yea,Yea,Yea,Yea,Yea,Yea,Yea,Yea,Yea,Yea,Yea,Yea,Yea,Yea,Yea,Yea,Yea,Yea,Not Voting,Nay,Yea,Yea,Yea,Nay,Yea,Yea,Yea,Yea,Yea,Yea,Yea,Yea,Yea,Yea,Yea,Nay,Yea,Yea,Yea,Yea,Yea,Yea,Yea,Yea,Yea,Yea,Yea,Yea,Yea,Yea,Yea,Yea,Yea,Yea,Yea,Yea,Yea,Yea,Yea,Yea,Yea,Yea,Yea,Yea,Yea,Nay,Nay,Nay,Yea,Yea,Yea,Yea,Nay,Nay,Nay,Yea,Yea,Yea,Yea,Yea,Yea,Yea,Yea,Yea,Yea,Yea,Yea,Yea,Yea,Yea,Yea,Not Voting,Not Voting,Not Voting,Yea,Yea,Yea,Yea,Not Voting,Yea,Yea,Yea,Yea,Not Voting,Yea,Yea,Yea,Yea,Nay,Yea,Yea,Yea,Yea,Yea,Yea,Yea,Yea,Yea,Yea,Yea,Yea,Not Voting,Not Voting,Yea,Yea,Yea,Yea,Yea,Yea,Yea,Yea,Yea,Nay,Nay,Nay,Nay,Nay,Yea,Nay,Nay,Yea,Nay,Yea,Nay,Nay
2017,115,1,Murphy (D-CT),Christopher,Murphy,CT,D,Nay,Yea,Nay,Yea,Nay,Yea,Yea,Yea,Nay,Yea,Nay,Yea,Nay,Yea,Yea,Nay,Nay,Yea,Nay,Yea,Yea,Nay,Yea,Nay,Yea,Nay,Nay,Yea,Yea,Yea,Yea,Not Voting,Yea,Nay,Yea,Nay,Nay,Nay,Nay,Nay,Nay,Nay,Nay,Nay,Nay,Nay,Nay,Nay,Nay,Nay,Nay,Nay,Yea,Nay,Nay,Not Voting,Nay,Yea,Nay,Nay,Nay,Nay,Nay,Yea,Yea,Nay,Nay,Nay,Nay,Yea,Nay,Nay,Nay,Yea,Yea,Nay,Nay,Nay,Nay,Nay,Nay,Nay,Nay,Nay,Nay,Nay,Nay,Yea,Yea,Yea,Yea,Nay,Nay,Nay,Nay,Nay,Yea,Yea,Nay,Nay,Nay,Nay,Nay,Nay,Nay,Nay,Yea,Yea,Yea,Nay,Nay,Yea,Yea,Yea,Nay,Nay,Nay,Nay,Nay,Nay,Yea,Yea,Nay,Nay,Nay,Yea,Yea,Nay,Nay,Nay,Nay,Yea,Yea,Yea,Yea,Nay,Nay,Yea,Yea,Yea,Yea,Yea,Yea,Yea,Yea,Yea,Yea,Yea,Yea,Yea,Nay,Nay,Yea,Yea,Nay,Nay,Yea,Yea,Yea,Yea,Yea,Yea,Nay,Nay,Nay,Nay,Nay,Nay,Nay,Yea,Yea,Nay,Present,Nay,Yea,Nay,Nay,Yea,Nay
2017,115,1,Murray (D-WA),Patty,Murray,WA,D,Nay,Yea,Nay,Yea,Nay,Yea,Yea,Yea,Nay,Yea,Nay,Yea,Nay,Yea,Yea,Nay,Nay,Yea,Nay,Nay,Yea,Nay,Yea,Nay,Yea,Nay,Nay,Yea,Yea,Yea,Yea,Nay,Yea,Nay,Yea,Nay,Nay,Nay,Nay,Nay,Nay,Nay,Nay,Nay,Nay,Nay,Nay,Nay,Nay,Nay,Nay,Nay,Yea,Nay,Nay,Yea,Nay,Yea,Nay,Nay,Nay,Nay,Nay,Yea,Nay,Nay,Nay,Nay,Nay,Yea,Nay,Nay,Nay,Nay,Nay,Nay,Nay,Nay,Nay,Nay,Nay,Nay,Nay,Nay,Nay,Nay,Nay,Yea,Yea,Yea,Yea,Nay,Nay,Nay,Nay,Nay,Yea,Yea,Nay,Nay,Nay,Nay,Yea,Nay,Nay,Nay,Yea,Yea,Yea,Nay,Nay,Yea,Yea,Yea,Nay,Nay,Nay,Nay,Nay,Nay,Yea,Nay,Nay,Nay,Nay,Yea,Yea,Nay,Nay,Nay,Nay,Yea,Yea,Yea,Yea,Nay,Nay,Yea,Nay,Yea,Yea,Yea,Yea,Yea,Yea,Yea,Yea,Yea,Yea,Yea,Nay,Nay,Yea,Yea,Nay,Nay,Yea,Yea,Yea,Yea,Yea,Yea,Nay,Nay,Nay,Nay,Nay,Nay,Nay,Yea,Yea,Nay,Present,Nay,Yea,Yea,Nay,Yea,Nay
2017,115,1,Nelson (D-FL),Bill,Nelson,FL,D,Nay,Yea,Nay,Yea,Nay,Yea,Yea,Yea,Nay,Yea,Nay,Yea,Nay,Yea,Yea,Nay,Nay,Yea,Nay,Yea,Yea,Nay,Yea,Nay,Yea,Nay,Yea,Yea,Yea,Yea,Yea,Nay,Yea,Nay,Yea,Nay,Nay,Nay,Nay,Nay,Nay,Nay,Nay,Nay,Nay,Nay,Nay,Nay,Nay,Nay,Nay,Nay,Yea,Nay,Nay,Yea,Nay,Yea,Nay,Nay,Nay,Nay,Nay,Yea,Yea,Nay,Nay,Nay,Nay,Yea,Nay,Yea,Yea,Yea,Yea,Nay,Nay,Nay,Nay,Nay,Nay,Nay,Yea,Nay,Nay,Nay,Nay,Yea,Yea,Yea,Yea,Nay,Nay,Nay,Nay,Nay,Yea,Yea,Nay,Nay,Nay,Yea,Yea,Nay,Nay,Nay,Yea,Yea,Yea,Nay,Nay,Yea,Yea,Yea,Yea,Yea,Yea,Yea,Nay,Nay,Yea,Yea,Yea,Yea,Nay,Yea,Yea,Nay,Nay,Nay,Nay,Yea,Yea,Yea,Yea,Nay,Nay,Yea,Yea,Yea,Yea,Yea,Nay,Yea,Yea,Yea,Yea,Yea,Yea,Yea,Yea,Yea,Yea,Yea,Yea,Nay,Yea,Yea,Yea,Yea,Yea,Yea,Nay,Nay,Nay,Nay,Nay,Nay,Nay,Yea,Yea,Nay,Present,Nay,Yea,Yea,Nay,Yea,Nay
2017,115,1,Paul (R-KY),Rand,Paul,KY,R,Nay,Nay,Yea,Nay,Nay,Nay,Nay,Nay,Yea,Nay,Yea,Nay,Yea,Nay,Nay,Nay,Yea,Nay,Yea,Yea,Nay,Yea,Nay,Yea,Nay,Nay,Yea,Yea,Yea,Yea,Yea,Nay,Yea,Yea,Yea,Yea,Yea,Yea,Yea,Yea,Yea,Yea,Yea,Yea,Yea,Yea,Yea,Yea,Yea,Yea,Yea,Yea,Yea,Yea,Yea,Yea,Yea,Nay,Yea,Yea,Yea,Yea,Yea,Yea,Yea,Yea,Yea,Yea,Yea,Nay,Yea,Yea,Yea,Yea,Yea,Yea,Yea,Yea,Yea,Yea,Yea,Yea,Yea,Yea,Yea,Yea,Yea,Nay,Nay,Yea,Yea,Yea,Not Voting,Not Voting,Not Voting,Not Voting,Nay,Nay,Yea,Yea,Yea,Yea,Yea,Yea,Yea,Yea,Nay,Nay,Nay,Yea,Yea,Yea,Yea,Yea,Yea,Yea,Yea,Yea,Yea,Yea,Nay,Yea,Yea,Yea,Yea,Yea,Yea,Yea,Yea,Yea,Yea,Yea,Yea,Yea,Yea,Yea,Yea,Yea,Nay,Nay,Yea,Yea,Yea,Nay,Yea,Yea,Nay,Yea,Yea,Yea,Yea,Yea,Yea,Yea,Yea,Yea,Yea,Yea,Yea,Yea,Yea,Yea,Yea,Yea,Yea,Yea,Yea,Nay,Yea,Nay,Nay,Nay,Nay,Yea,Nay,Nay,Yea,Nay,Yea
2017,115,1,Perdue (R-GA),David,Perdue,GA,R,Yea,Nay,Nay,Nay,Nay,Nay,Nay,Nay,Yea,Nay,Yea,Nay,Yea,Nay,Nay,Yea,Yea,Nay,Yea,Nay,Nay,Yea,Nay,Yea,Nay,Yea,Yea,Yea,Yea,Yea,Yea,Yea,Yea,Yea,Yea,Yea,Yea,Yea,Yea,Yea,Yea,Yea,Yea,Yea,Yea,Yea,Yea,Yea,Yea,Yea,Yea,Yea,Yea,Yea,Yea,Yea,Yea,Nay,Yea,Yea,Yea,Yea,Yea,Yea,Yea,Yea,Yea,Yea,Yea,Nay,Yea,Yea,Yea,Yea,Yea,Yea,Yea,Yea,Yea,Yea,Yea,Yea,Yea,Yea,Yea,Yea,Yea,Yea,Yea,Yea,Yea,Yea,Yea,Yea,Yea,Yea,Yea,Yea,Yea,Yea,Yea,Yea,Yea,Yea,Yea,Yea,Nay,Nay,Nay,Yea,Yea,Present,Yea,Yea,Yea,Yea,Yea,Yea,Yea,Yea,Yea,Yea,Yea,Yea,Yea,Yea,Yea,Yea,Yea,Yea,Yea,Yea,Yea,Yea,Yea,Yea,Yea,Yea,Yea,Yea,Yea,Not Voting,Nay,Yea,Yea,Yea,Yea,Yea,Yea,Yea,Yea,Yea,Yea,Yea,Yea,Yea,Yea,Yea,Yea,Yea,Yea,Yea,Yea,Yea,Yea,Yea,Yea,Yea,Yea,Nay,Nay,Nay,Nay,Yea,Yea,Nay,Yea,Nay,Yea
2017,115,1,Peters (D-MI),Gary,Peters,MI,D,Nay,Yea,Nay,Yea,Nay,Yea,Yea,Yea,Nay,Yea,Nay,Yea,Nay,Yea,Yea,Nay,Nay,Yea,Nay,Yea,Yea,Nay,Yea,Nay,Yea,Nay,Yea,Yea,Yea,Yea,Yea,Nay,Yea,Nay,Yea,Nay,Nay,Nay,Nay,Nay,Nay,Nay,Nay,Nay,Nay,Nay,Nay,Nay,Nay,Nay,Nay,Nay,Yea,Nay,Nay,Yea,Nay,Yea,Nay,Nay,Nay,Nay,Nay,Yea,Yea,Nay,Nay,Nay,Nay,Yea,Nay,Nay,Yea,Nay,Nay,Nay,Nay,Nay,Nay,Nay,Nay,Nay,Nay,Nay,Nay,Not Voting,Nay,Yea,Yea,Yea,Yea,Nay,Nay,Nay,Nay,Nay,Yea,Yea,Nay,Nay,Nay,Yea,Yea,Nay,Nay,Nay,Yea,Yea,Yea,Nay,Nay,Yea,Yea,Yea,Nay,Not Voting,Nay,Nay,Nay,Nay,Yea,Yea,Nay,Nay,Nay,Yea,Yea,Yea,Yea,Nay,Nay,Nay,Nay,Yea,Yea,Nay,Nay,Yea,Nay,Yea,Yea,Yea,Yea,Yea,Yea,Yea,Yea,Yea,Yea,Yea,Nay,Nay,Yea,Yea,Nay,Nay,Yea,Yea,Nay,Nay,Yea,Yea,Nay,Nay,Nay,Nay,Nay,Nay,Nay,Yea,Yea,Nay,Present,Nay,Yea,Yea,Nay,Yea,Nay
2017,115,1,Portman (R-OH),Rob,Portman,OH,R,Yea,Nay,Nay,Nay,Yea,Nay,Nay,Nay,Yea,Yea,Yea,Nay,Nay,Nay,Nay,Yea,Yea,Nay,Yea,Nay,Nay,Yea,Nay,Yea,Nay,Yea,Yea,Yea,Yea,Yea,Yea,Yea,Yea,Yea,Yea,Yea,Yea,Yea,Yea,Yea,Yea,Yea,Yea,Yea,Yea,Yea,Yea,Yea,Yea,Yea,Yea,Yea,Yea,Yea,Yea,Yea,Yea,Nay,Yea,Yea,Yea,Yea,Yea,Yea,Yea,Yea,Yea,Yea,Yea,Nay,Yea,Yea,Yea,Yea,Yea,Yea,Yea,Yea,Yea,Yea,Yea,Yea,Yea,Nay,Yea,Yea,Yea,Yea,Yea,Yea,Yea,Yea,Yea,Yea,Yea,Yea,Yea,Yea,Yea,Yea,Yea,Yea,Yea,Yea,Yea,Yea,Nay,Nay,Nay,Yea,Yea,Yea,Yea,Yea,Yea,Yea,Yea,Yea,Yea,Yea,Yea,Yea,Yea,Yea,Yea,Yea,Yea,Yea,Yea,Yea,Yea,Yea,Yea,Yea,Yea,Yea,Yea,Yea,Yea,Yea,Yea,Yea,Nay,Yea,Yea,Yea,Yea,Yea,Yea,Yea,Yea,Yea,Yea,Yea,Yea,Not Voting,Not Voting,Yea,Yea,Yea,Yea,Yea,Yea,Yea,Yea,Yea,Yea,Yea,Nay,Nay,Nay,Yea,Nay,Yea,Yea,Nay,Yea,Nay,Yea
2017,115,1,Reed (D-RI),John,Reed,RI,D,Nay,Yea,Nay,Yea,Nay,Yea,Yea,Yea,Nay,Yea,Nay,Yea,Nay,Yea,Yea,Nay,Nay,Yea,Nay,Yea,Yea,Nay,Yea,Nay,Yea,Nay,Yea,Yea,Yea,Yea,Yea,Yea,Yea,Nay,Yea,Nay,Nay,Nay,Nay,Nay,Nay,Nay,Nay,Nay,Nay,Nay,Nay,Nay,Nay,Nay,Nay,Nay,Yea,Nay,Nay,Yea,Nay,Yea,Nay,Nay,Nay,Nay,Nay,Yea,Nay,Nay,Nay,Nay,Nay,Yea,Nay,Nay,Nay,Nay,Nay,Yea,Nay,Nay,Nay,Nay,Nay,Nay,Nay,Nay,Nay,Nay,Nay,Yea,Yea,Yea,Yea,Nay,Nay,Nay,Nay,Nay,Yea,Yea,Nay,Nay,Nay,Yea,Yea,Nay,Nay,Nay,Yea,Yea,Yea,Nay,Nay,Nay,Yea,Yea,Nay,Nay,Nay,Nay,Nay,Nay,Yea,Nay,Nay,Nay,Nay,Nay,Nay,Nay,Nay,Nay,Nay,Yea,Yea,Yea,Yea,Nay,Nay,Yea,Nay,Yea,Yea,Yea,Yea,Yea,Yea,Yea,Yea,Yea,Yea,Yea,Nay,Nay,Yea,Yea,Nay,Nay,Yea,Yea,Yea,Yea,Yea,Yea,Nay,Nay,Nay,Nay,Nay,Nay,Nay,Yea,Yea,Nay,Present,Nay,Yea,Yea,Nay,Yea,Nay
2017,115,1,Risch (R-ID),James ,Risch,ID,R,Yea,Nay,Yea,Nay,Yea,Nay,Nay,Nay,Yea,Nay,Yea,Nay,Yea,Nay,Nay,Yea,Yea,Nay,Yea,Nay,Nay,Yea,Nay,Yea,Nay,Yea,Yea,Yea,Yea,Yea,Yea,Yea,Yea,Yea,Yea,Yea,Yea,Yea,Yea,Yea,Yea,Yea,Yea,Yea,Yea,Yea,Yea,Yea,Yea,Yea,Yea,Yea,Yea,Yea,Yea,Yea,Yea,Nay,Yea,Yea,Yea,Yea,Yea,Yea,Yea,Yea,Yea,Yea,Yea,Nay,Yea,Yea,Yea,Yea,Yea,Yea,Yea,Yea,Yea,Yea,Yea,Yea,Yea,Yea,Yea,Yea,Yea,Yea,Yea,Yea,Yea,Yea,Yea,Yea,Yea,Yea,Yea,Yea,Yea,Yea,Yea,Yea,Yea,Yea,Yea,Yea,Nay,Nay,Nay,Yea,Yea,Yea,Yea,Yea,Yea,Yea,Yea,Yea,Yea,Yea,Nay,Yea,Yea,Yea,Yea,Yea,Yea,Yea,Yea,Yea,Yea,Yea,Yea,Yea,Yea,Yea,Yea,Yea,Yea,Yea,Yea,Not Voting,Nay,Yea,Yea,Yea,Yea,Yea,Yea,Yea,Yea,Yea,Yea,Yea,Yea,Yea,Yea,Yea,Yea,Yea,Yea,Yea,Yea,Yea,Yea,Yea,Yea,Yea,Yea,Nay,Nay,Nay,Nay,Yea,Yea,Nay,Yea,Nay,Yea
2017,115,1,Roberts (R-KS),Pat,Roberts,KS,R,Yea,Nay,Nay,Nay,Nay,Nay,Nay,Nay,Yea,Nay,Yea,Nay,Yea,Nay,Nay,Yea,Yea,Nay,Yea,Nay,Nay,Yea,Nay,Yea,Nay,Yea,Yea,Yea,Yea,Yea,Yea,Yea,Yea,Yea,Yea,Yea,Yea,Yea,Yea,Yea,Yea,Yea,Yea,Yea,Yea,Yea,Yea,Yea,Yea,Yea,Yea,Yea,Yea,Yea,Yea,Yea,Yea,Nay,Yea,Yea,Yea,Yea,Yea,Yea,Yea,Yea,Yea,Yea,Yea,Nay,Yea,Yea,Yea,Yea,Yea,Yea,Yea,Yea,Yea,Yea,Yea,Yea,Yea,Yea,Yea,Yea,Yea,Yea,Yea,Yea,Yea,Yea,Yea,Yea,Yea,Yea,Yea,Yea,Yea,Yea,Yea,Yea,Yea,Yea,Yea,Yea,Nay,Nay,Nay,Yea,Yea,Yea,Yea,Yea,Yea,Yea,Yea,Yea,Yea,Yea,Yea,Yea,Yea,Yea,Yea,Yea,Yea,Yea,Yea,Yea,Yea,Yea,Yea,Yea,Yea,Yea,Yea,Yea,Yea,Yea,Yea,Yea,Nay,Yea,Yea,Yea,Yea,Yea,Yea,Yea,Yea,Yea,Yea,Yea,Yea,Yea,Yea,Yea,Yea,Yea,Yea,Yea,Yea,Yea,Yea,Yea,Yea,Yea,Yea,Nay,Nay,Nay,Nay,Yea,Yea,Nay,Yea,Nay,Yea
2017,115,1,Rounds (R-SD),Mike,Rounds,SD,R,Yea,Nay,Nay,Nay,Nay,Nay,Nay,Nay,Yea,Nay,Yea,Nay,Yea,Nay,Nay,Yea,Yea,Nay,Yea,Nay,Nay,Yea,Nay,Yea,Nay,Yea,Yea,Yea,Yea,Yea,Yea,Yea,Yea,Yea,Yea,Yea,Yea,Yea,Yea,Yea,Yea,Yea,Yea,Yea,Yea,Yea,Yea,Yea,Yea,Yea,Yea,Yea,Yea,Yea,Yea,Yea,Yea,Nay,Yea,Yea,Yea,Yea,Yea,Yea,Yea,Yea,Yea,Yea,Yea,Nay,Yea,Yea,Yea,Yea,Yea,Yea,Yea,Yea,Yea,Yea,Yea,Yea,Yea,Yea,Yea,Yea,Yea,Yea,Yea,Yea,Yea,Yea,Yea,Yea,Yea,Yea,Yea,Yea,Yea,Yea,Yea,Yea,Yea,Yea,Yea,Yea,Nay,Nay,Nay,Yea,Yea,Yea,Yea,Yea,Yea,Yea,Yea,Yea,Yea,Yea,Yea,Yea,Yea,Yea,Yea,Yea,Yea,Yea,Yea,Yea,Yea,Yea,Yea,Yea,Yea,Yea,Yea,Yea,Yea,Yea,Yea,Yea,Nay,Yea,Yea,Yea,Yea,Yea,Yea,Yea,Yea,Yea,Yea,Yea,Yea,Yea,Yea,Yea,Yea,Yea,Yea,Yea,Yea,Yea,Yea,Yea,Yea,Yea,Yea,Nay,Nay,Nay,Nay,Yea,Yea,Nay,Yea,Nay,Yea
2017,115,1,Rubio (R-FL),Marco,Rubio,FL,R,Yea,Nay,Yea,Nay,Yea,Nay,Nay,Nay,Yea,Nay,Yea,Nay,Yea,Nay,Nay,Yea,Yea,Nay,Yea,Nay,Nay,Yea,Nay,Yea,Nay,Yea,Yea,Yea,Yea,Yea,Yea,Yea,Yea,Yea,Yea,Yea,Yea,Yea,Yea,Yea,Yea,Yea,Yea,Yea,Yea,Yea,Yea,Yea,Yea,Yea,Yea,Yea,Nay,Yea,Yea,Nay,Yea,Nay,Yea,Yea,Yea,Yea,Yea,Yea,Yea,Yea,Yea,Yea,Yea,Nay,Yea,Yea,Yea,Yea,Yea,Yea,Yea,Yea,Yea,Yea,Yea,Yea,Yea,Yea,Not Voting,Yea,Yea,Yea,Yea,Yea,Yea,Yea,Yea,Yea,Yea,Yea,Yea,Yea,Yea,Yea,Yea,Yea,Yea,Yea,Yea,Yea,Nay,Nay,Nay,Yea,Yea,Yea,Yea,Yea,Yea,Yea,Yea,Yea,Yea,Yea,Yea,Yea,Yea,Yea,Yea,Yea,Yea,Yea,Yea,Yea,Yea,Yea,Yea,Yea,Yea,Yea,Yea,Yea,Yea,Yea,Yea,Yea,Nay,Yea,Yea,Yea,Yea,Yea,Yea,Yea,Yea,Yea,Yea,Yea,Yea,Yea,Yea,Yea,Yea,Yea,Yea,Yea,Yea,Yea,Yea,Yea,Yea,Yea,Yea,Nay,Nay,Nay,Nay,Yea,Yea,Nay,Yea,Nay,Yea
2017,115,1,Sanders (I-VT),Bernie,Sanders,VT,I,Nay,Yea,Nay,Yea,Nay,Yea,Yea,Yea,Nay,Yea,Nay,Yea,Nay,Yea,Yea,Nay,Nay,Yea,Nay,Yea,Yea,Nay,Yea,Nay,Yea,Nay,Nay,Yea,Yea,Yea,Nay,Nay,Nay,Nay,Nay,Nay,Nay,Nay,Nay,Nay,Nay,Nay,Nay,Nay,Nay,Nay,Nay,Nay,Nay,Nay,Nay,Nay,Yea,Nay,Nay,Not Voting,Not Voting,Not Voting,Nay,Nay,Nay,Nay,Nay,Yea,Nay,Nay,Nay,Nay,Nay,Yea,Nay,Nay,Nay,Nay,Nay,Nay,Nay,Nay,Nay,Nay,Nay,Nay,Nay,Nay,Nay,Nay,Nay,Nay,Nay,Nay,Yea,Nay,Nay,Nay,Nay,Nay,Yea,Yea,Nay,Nay,Nay,Yea,Nay,Nay,Nay,Nay,Yea,Yea,Yea,Nay,Nay,Nay,Yea,Yea,Nay,Nay,Nay,Nay,Nay,Nay,Yea,Not Voting,Not Voting,Nay,Nay,Nay,Nay,Nay,Nay,Nay,Nay,Nay,Nay,Nay,Nay,Nay,Nay,Yea,Nay,Nay,Yea,Nay,Yea,Yea,Yea,Yea,Nay,Yea,Nay,Yea,Nay,Nay,Nay,Nay,Not Voting,Nay,Yea,Yea,Nay,Nay,Nay,Nay,Nay,Nay,Nay,Nay,Nay,Nay,Nay,Yea,Yea,Nay,Present,Nay,Nay,Yea,Nay,Yea,Nay
2017,115,1,Sasse (R-NE),Ben,Sasse,NE,R,Yea,Nay,Yea,Nay,Yea,Nay,Nay,Nay,Yea,Nay,Yea,Nay,Yea,Nay,Nay,Nay,Yea,Nay,Yea,Nay,Nay,Yea,Nay,Yea,Nay,Yea,Yea,Yea,Yea,Yea,Yea,Yea,Yea,Yea,Yea,Yea,Yea,Yea,Yea,Yea,Yea,Yea,Yea,Yea,Yea,Yea,Yea,Yea,Yea,Yea,Yea,Yea,Not Voting,Yea,Yea,Yea,Yea,Nay,Yea,Yea,Yea,Yea,Yea,Yea,Yea,Yea,Yea,Yea,Yea,Nay,Yea,Yea,Yea,Yea,Yea,Yea,Yea,Yea,Yea,Yea,Yea,Yea,Yea,Yea,Yea,Yea,Yea,Yea,Yea,Yea,Yea,Yea,Yea,Yea,Yea,Yea,Yea,Yea,Yea,Yea,Yea,Yea,Yea,Yea,Yea,Yea,Nay,Nay,Nay,Yea,Yea,Yea,Yea,Yea,Yea,Yea,Yea,Yea,Yea,Yea,Not Voting,Yea,Yea,Yea,Yea,Nay,Nay,Not Voting,Yea,Yea,Yea,Yea,Yea,Yea,Yea,Yea,Yea,Yea,Yea,Yea,Yea,Yea,Nay,Yea,Nay,Yea,Yea,Yea,Yea,Yea,Yea,Yea,Yea,Yea,Yea,Yea,Yea,Yea,Yea,Yea,Yea,Yea,Yea,Yea,Not Voting,Yea,Yea,Yea,Yea,Nay,Nay,Nay,Nay,Yea,Yea,Nay,Nay,Nay,Yea
2017,115,1,Schatz (D-HI),Brian,Schatz,HI,D,Nay,Yea,Nay,Yea,Nay,Yea,Yea,Yea,Nay,Yea,Nay,Yea,Nay,Yea,Yea,Nay,Nay,Yea,Nay,Yea,Yea,Nay,Yea,Nay,Yea,Nay,Yea,Yea,Yea,Yea,Yea,Yea,Yea,Nay,Yea,Nay,Nay,Nay,Nay,Nay,Nay,Nay,Nay,Nay,Nay,Nay,Nay,Nay,Nay,Nay,Nay,Nay,Yea,Nay,Nay,Yea,Nay,Yea,Nay,Nay,Nay,Nay,Nay,Yea,Nay,Nay,Nay,Nay,Nay,Yea,Nay,Yea,Yea,Nay,Nay,Nay,Nay,Nay,Nay,Not Voting,Nay,Nay,Nay,Nay,Nay,Nay,Nay,Yea,Yea,Yea,Yea,Nay,Nay,Nay,Nay,Nay,Yea,Yea,Nay,Nay,Nay,Yea,Yea,Nay,Nay,Nay,Yea,Yea,Yea,Nay,Nay,Yea,Yea,Yea,Nay,Nay,Nay,Nay,Nay,Nay,Yea,Yea,Nay,Nay,Nay,Nay,Nay,Nay,Nay,Nay,Nay,Yea,Yea,Yea,Yea,Nay,Not Voting,Yea,Nay,Yea,Nay,Yea,Yea,Yea,Yea,Yea,Yea,Nay,Yea,Yea,Nay,Nay,Yea,Yea,Nay,Nay,Yea,Yea,Yea,Yea,Yea,Yea,Nay,Nay,Yea,Nay,Nay,Nay,Nay,Yea,Yea,Nay,Present,Nay,Yea,Yea,Nay,Yea,Nay
2017,115,1,Schumer (D-NY),Charles,Schumer,NY,D,Nay,Yea,Nay,Yea,Nay,Yea,Yea,Yea,Nay,Yea,Nay,Yea,Nay,Yea,Yea,Nay,Nay,Yea,Nay,Yea,Yea,Nay,Yea,Nay,Yea,Nay,Yea,Yea,Yea,Yea,Yea,Yea,Yea,Nay,Nay,Nay,Nay,Nay,Nay,Nay,Nay,Nay,Nay,Nay,Nay,Nay,Nay,Nay,Nay,Nay,Nay,Nay,Yea,Nay,Nay,Yea,Nay,Yea,Nay,Nay,Nay,Nay,Nay,Yea,Nay,Nay,Nay,Nay,Nay,Yea,Nay,Nay,Nay,Nay,Nay,Nay,Nay,Nay,Nay,Nay,Nay,Nay,Nay,Nay,Nay,Nay,Nay,Yea,Yea,Nay,Yea,Nay,Nay,Nay,Nay,Nay,Yea,Yea,Nay,Nay,Nay,Yea,Yea,Nay,Nay,Nay,Yea,Yea,Yea,Nay,Nay,Yea,Yea,Yea,Nay,Nay,Nay,Nay,Nay,Nay,Yea,Nay,Nay,Nay,Nay,Nay,Nay,Nay,Nay,Nay,Nay,Nay,Nay,Yea,Yea,Nay,Nay,Yea,Nay,Yea,Yea,Yea,Yea,Yea,Yea,Yea,Yea,Yea,Yea,Yea,Nay,Nay,Yea,Yea,Nay,Nay,Yea,Yea,Yea,Yea,Yea,Yea,Nay,Nay,Nay,Nay,Nay,Nay,Nay,Yea,Yea,Nay,Present,Nay,Yea,Yea,Nay,Yea,Nay
2017,115,1,Scott (R-SC),Tim,Scott,SC,R,Yea,Nay,Yea,Nay,Yea,Nay,Nay,Nay,Yea,Nay,Yea,Nay,Yea,Nay,Nay,Yea,Yea,Nay,Yea,Nay,Nay,Yea,Nay,Yea,Nay,Yea,Yea,Yea,Yea,Yea,Yea,Yea,Yea,Yea,Yea,Yea,Yea,Yea,Yea,Yea,Yea,Yea,Yea,Yea,Yea,Yea,Yea,Yea,Yea,Yea,Yea,Yea,Yea,Yea,Yea,Yea,Yea,Nay,Yea,Yea,Yea,Yea,Yea,Yea,Yea,Yea,Yea,Yea,Yea,Nay,Yea,Yea,Yea,Yea,Yea,Yea,Yea,Yea,Yea,Yea,Yea,Yea,Yea,Yea,Yea,Yea,Yea,Yea,Yea,Yea,Yea,Yea,Yea,Yea,Yea,Yea,Yea,Yea,Yea,Yea,Yea,Yea,Yea,Yea,Yea,Yea,Nay,Nay,Nay,Yea,Yea,Yea,Yea,Yea,Yea,Yea,Yea,Yea,Yea,Yea,Nay,Yea,Yea,Yea,Yea,Yea,Yea,Yea,Yea,Yea,Yea,Yea,Yea,Yea,Yea,Yea,Yea,Yea,Yea,Yea,Yea,Yea,Nay,Yea,Yea,Yea,Yea,Yea,Yea,Yea,Yea,Yea,Yea,Yea,Yea,Yea,Yea,Yea,Yea,Yea,Yea,Yea,Yea,Yea,Yea,Yea,Yea,Yea,Yea,Nay,Nay,Nay,Nay,Yea,Yea,Nay,Yea,Nay,Yea
2017,115,1,Sessions (R-AL),Jefferson,Sessions,AL,R,Yea,Nay,Nay,Nay,Not Voting,Not Voting,Not Voting,Not Voting,Not Voting,Not Voting,Not Voting,Not Voting,Not Voting,Not Voting,Not Voting,Not Voting,Not Voting,Not Voting,Not Voting,Not Voting,Not Voting,Not Voting,Not Voting,Not Voting,Not Voting,Yea,Yea,Not Voting,Not Voting,Not Voting,Not Voting,Yea,Yea,Yea,Yea,Yea,Not Voting,Not Voting,Not Voting,Yea,Not Voting,Yea,Not Voting,Not Voting,Not Voting,Not Voting,Not Voting,Not Voting,Yea,Yea,Yea,Yea,Yea,Yea,Present,Not Voting,Not Voting,Not Voting,Present,Not Voting,,,,,,,,,,,,,,,,,,,,,,,,,,,,,,,,,,,,,,,,,,,,,,,,,,,,,,,,,,,,,,,,,,,,,,,,,,,,,,,,,,,,,,,,,,,,,,,,,,,,,,,,,,,,,,,,,,,,,,,
2017,115,1,Shaheen (D-NH),Jeanne,Shaheen,NH,D,Nay,Yea,Nay,Yea,Nay,Yea,Yea,Yea,Nay,Yea,Nay,Yea,Nay,Yea,Yea,Nay,Nay,Yea,Nay,Yea,Yea,Nay,Yea,Nay,Yea,Nay,Yea,Yea,Yea,Yea,Yea,Yea,Yea,Nay,Yea,Nay,Nay,Nay,Nay,Nay,Nay,Nay,Nay,Nay,Nay,Nay,Nay,Nay,Nay,Nay,Nay,Nay,Yea,Nay,Nay,Yea,Nay,Yea,Nay,Nay,Nay,Nay,Nay,Yea,Yea,Nay,Nay,Nay,Nay,Yea,Nay,Yea,Yea,Nay,Nay,Nay,Nay,Nay,Nay,Nay,Nay,Nay,Nay,Nay,Nay,Nay,Nay,Yea,Yea,Yea,Yea,Nay,Nay,Nay,Nay,Nay,Yea,Yea,Nay,Nay,Nay,Yea,Yea,Nay,Nay,Nay,Yea,Yea,Yea,Nay,Nay,Yea,Yea,Yea,Nay,Nay,Yea,Yea,Nay,Nay,Yea,Yea,Nay,Nay,Nay,Yea,Yea,Nay,Nay,Nay,Nay,Yea,Yea,Yea,Yea,Nay,Nay,Yea,Nay,Yea,Yea,Yea,Yea,Yea,Yea,Yea,Yea,Yea,Yea,Yea,Nay,Nay,Yea,Yea,Nay,Nay,Yea,Yea,Yea,Yea,Yea,Yea,Nay,Nay,Nay,Nay,Nay,Nay,Nay,Yea,Yea,Nay,Present,Nay,Yea,Yea,Nay,Yea,Nay
2017,115,1,Shelby (R-AL),Richard,Shelby,AL,R,Yea,Nay,Nay,Nay,Nay,Nay,Nay,Nay,Yea,Nay,Yea,Nay,Yea,Nay,Nay,Yea,Yea,Nay,Yea,Nay,Nay,Yea,Nay,Yea,Nay,Yea,Yea,Yea,Yea,Yea,Yea,Yea,Yea,Yea,Yea,Yea,Yea,Yea,Yea,Yea,Yea,Yea,Yea,Yea,Yea,Yea,Yea,Yea,Yea,Yea,Yea,Yea,Yea,Yea,Yea,Yea,Yea,Nay,Yea,Yea,Yea,Yea,Yea,Yea,Yea,Yea,Yea,Yea,Yea,Nay,Yea,Yea,Yea,Yea,Yea,Yea,Yea,Yea,Yea,Yea,Yea,Yea,Yea,Yea,Yea,Yea,Yea,Yea,Yea,Yea,Yea,Yea,Yea,Yea,Yea,Yea,Yea,Yea,Yea,Yea,Yea,Yea,Yea,Yea,Yea,Yea,Nay,Nay,Nay,Yea,Yea,Yea,Not Voting,Yea,Yea,Yea,Yea,Yea,Yea,Yea,Yea,Yea,Yea,Yea,Yea,Yea,Yea,Yea,Yea,Yea,Yea,Yea,Yea,Yea,Yea,Yea,Yea,Yea,Yea,Yea,Yea,Yea,Nay,Yea,Yea,Yea,Yea,Yea,Yea,Yea,Yea,Yea,Yea,Yea,Yea,Yea,Yea,Yea,Yea,Yea,Yea,Yea,Yea,Yea,Yea,Yea,Yea,Yea,Yea,Nay,Nay,Nay,Nay,Yea,Yea,Nay,Yea,Nay,Yea
2017,115,1,Stabenow (D-MI),Debbie,Stabenow,MI,D,Nay,Yea,Nay,Yea,Nay,Yea,Yea,Yea,Nay,Yea,Nay,Yea,Nay,Yea,Yea,Nay,Nay,Yea,Nay,Yea,Yea,Nay,Yea,Nay,Yea,Nay,Yea,Yea,Yea,Yea,Yea,Nay,Yea,Nay,Yea,Nay,Nay,Nay,Nay,Nay,Nay,Nay,Nay,Nay,Nay,Nay,Nay,Nay,Nay,Nay,Nay,Nay,Yea,Nay,Nay,Yea,Nay,Yea,Nay,Nay,Nay,Nay,Nay,Yea,Yea,Nay,Nay,Nay,Nay,Yea,Nay,Nay,Nay,Nay,Nay,Nay,Nay,Yea,Yea,Nay,Nay,Nay,Nay,Nay,Nay,Nay,Nay,Yea,Yea,Yea,Yea,Nay,Nay,Nay,Nay,Nay,Yea,Yea,Nay,Nay,Nay,Yea,Yea,Nay,Nay,Nay,Yea,Yea,Yea,Nay,Nay,Yea,Yea,Yea,Nay,Nay,Nay,Nay,Nay,Nay,Yea,Yea,Nay,Nay,Nay,Yea,Yea,Nay,Nay,Nay,Nay,Nay,Nay,Yea,Yea,Nay,Nay,Yea,Nay,Yea,Yea,Not Voting,Yea,Yea,Yea,Yea,Yea,Yea,Yea,Yea,Nay,Nay,Yea,Yea,Nay,Nay,Yea,Yea,Nay,Nay,Yea,Yea,Nay,Not Voting,Not Voting,Nay,Nay,Nay,Nay,Yea,Yea,Nay,Present,Nay,Yea,Yea,Nay,Yea,Nay
2017,115,1,Strange (R-AL),Luther,Strange,AL,R,,,,,,,,,,,,,,,,,,,,,,,,,,,,,,,,,,,,,,,,,,,,,,,,,,,,,,,,,,,,,Yea,Yea,Yea,Yea,Yea,Yea,Yea,Yea,Yea,Nay,Yea,Yea,Yea,Yea,Yea,Yea,Yea,Yea,Yea,Yea,Yea,Yea,Yea,Yea,Yea,Yea,Yea,Yea,Yea,Yea,Yea,Yea,Yea,Yea,Yea,Yea,Yea,Yea,Yea,Yea,Yea,Yea,Yea,Yea,Yea,Yea,Nay,Nay,Nay,Yea,Yea,Yea,Yea,Yea,Yea,Yea,Yea,Yea,Yea,Yea,Nay,Yea,Yea,Yea,Yea,Yea,Yea,Yea,Yea,Yea,Yea,Yea,Yea,Yea,Yea,Yea,Yea,Yea,Yea,Yea,Yea,Yea,Nay,Yea,Yea,Yea,Yea,Yea,Yea,Yea,Yea,Yea,Yea,Not Voting,Yea,Yea,Yea,Yea,Yea,Yea,Yea,Yea,Yea,Yea,Yea,Yea,Yea,Yea,Yea,Nay,Nay,Nay,Nay,Yea,Yea,Nay,Yea,Nay,Yea
2017,115,1,Sullivan (R-AK),Dan,Sullivan,AK,R,Yea,Nay,Nay,Nay,Yea,Nay,Nay,Nay,Yea,Nay,Yea,Nay,Yea,Nay,Nay,Yea,Yea,Nay,Yea,Nay,Nay,Yea,Nay,Yea,Nay,Yea,Yea,Yea,Yea,Yea,Yea,Yea,Yea,Yea,Yea,Yea,Yea,Yea,Yea,Yea,Yea,Yea,Yea,Yea,Yea,Yea,Yea,Yea,Yea,Yea,Yea,Yea,Yea,Yea,Yea,Yea,Yea,Nay,Yea,Yea,Yea,Yea,Yea,Yea,Yea,Yea,Yea,Yea,Yea,Nay,Yea,Yea,Yea,Yea,Yea,Yea,Yea,Yea,Yea,Yea,Not Voting,Yea,Yea,Yea,Yea,Yea,Yea,Yea,Yea,Yea,Yea,Yea,Yea,Yea,Yea,Yea,Yea,Yea,Yea,Yea,Yea,Yea,Yea,Yea,Yea,Yea,Nay,Nay,Nay,Yea,Yea,Yea,Yea,Yea,Yea,Yea,Yea,Yea,Yea,Yea,Yea,Yea,Yea,Yea,Yea,Not Voting,Not Voting,Yea,Yea,Yea,Yea,Yea,Yea,Yea,Yea,Yea,Yea,Not Voting,Yea,Yea,Yea,Yea,Nay,Yea,Nay,Yea,Yea,Yea,Yea,Yea,Yea,Yea,Yea,Yea,Yea,Not Voting,Not Voting,Yea,Yea,Yea,Yea,Yea,Yea,Yea,Yea,Yea,Yea,Yea,Yea,Nay,Nay,Yea,Nay,Yea,Yea,Nay,Yea,Nay,Yea
2017,115,1,Tester (D-MT),Jon,Tester,MT,D,Nay,Yea,Nay,Yea,Nay,Yea,Yea,Yea,Nay,Yea,Nay,Yea,Nay,Yea,Yea,Nay,Nay,Yea,Nay,Nay,Yea,Nay,Yea,Nay,Yea,Nay,Nay,Yea,Yea,Yea,Yea,Nay,Yea,Nay,Yea,Nay,Nay,Nay,Nay,Nay,Nay,Nay,Nay,Nay,Nay,Nay,Nay,Nay,Nay,Nay,Nay,Nay,Yea,Nay,Nay,Yea,Nay,Yea,Nay,Nay,Nay,Nay,Nay,Yea,Yea,Yea,Nay,Nay,Nay,Yea,Nay,Yea,Yea,Yea,Yea,Yea,Yea,Yea,Yea,Nay,Nay,Nay,Yea,Nay,Nay,Nay,Nay,Yea,Yea,Yea,Yea,Nay,Nay,Nay,Nay,Nay,Yea,Yea,Nay,Nay,Nay,Yea,Yea,Nay,Nay,Nay,Yea,Yea,Yea,Nay,Nay,Yea,Yea,Yea,Yea,Yea,Yea,Yea,Nay,Nay,Yea,Yea,Nay,Nay,Nay,Yea,Yea,Nay,Nay,Nay,Nay,Yea,Yea,Yea,Yea,Nay,Nay,Yea,Nay,Yea,Yea,Yea,Yea,Yea,Yea,Yea,Yea,Yea,Yea,Yea,Yea,Yea,Yea,Yea,Nay,Nay,Yea,Yea,Yea,Yea,Yea,Yea,Nay,Nay,Nay,Nay,Nay,Nay,Nay,Yea,Yea,Nay,Nay,Nay,Yea,Yea,Nay,Yea,Nay
2017,115,1,Thune (R-SD),John,Thune,SD,R,Yea,Nay,Nay,Nay,Yea,Nay,Nay,Nay,Yea,Nay,Yea,Nay,Yea,Nay,Nay,Yea,Yea,Nay,Yea,Yea,Nay,Yea,Nay,Yea,Nay,Yea,Yea,Yea,Yea,Yea,Yea,Yea,Yea,Yea,Yea,Yea,Yea,Yea,Yea,Yea,Yea,Yea,Yea,Yea,Yea,Yea,Yea,Yea,Yea,Yea,Yea,Yea,Yea,Yea,Yea,Yea,Yea,Nay,Yea,Yea,Yea,Yea,Yea,Yea,Yea,Yea,Yea,Yea,Yea,Nay,Yea,Yea,Yea,Yea,Yea,Yea,Yea,Yea,Yea,Yea,Yea,Yea,Yea,Yea,Yea,Yea,Yea,Yea,Yea,Yea,Yea,Yea,Yea,Yea,Yea,Yea,Yea,Yea,Yea,Yea,Yea,Yea,Yea,Yea,Yea,Yea,Nay,Nay,Nay,Yea,Yea,Yea,Yea,Yea,Yea,Yea,Yea,Yea,Yea,Yea,Yea,Yea,Yea,Yea,Yea,Yea,Yea,Yea,Yea,Yea,Yea,Yea,Yea,Yea,Yea,Yea,Yea,Yea,Yea,Yea,Yea,Yea,Nay,Yea,Yea,Yea,Yea,Yea,Yea,Yea,Yea,Yea,Yea,Yea,Yea,Yea,Yea,Yea,Yea,Yea,Yea,Yea,Yea,Yea,Yea,Yea,Yea,Yea,Yea,Nay,Nay,Nay,Nay,Yea,Yea,Nay,Yea,Nay,Yea
2017,115,1,Tillis (R-NC),Thomas,Tillis,NC,R,Yea,Nay,Not Voting,Not Voting,Not Voting,Not Voting,Nay,Nay,Yea,Nay,Yea,Nay,Yea,Nay,Nay,Yea,Yea,Nay,Yea,Nay,Nay,Yea,Nay,Yea,Nay,Yea,Yea,Yea,Yea,Yea,Yea,Yea,Yea,Yea,Yea,Yea,Yea,Not Voting,Yea,Yea,Yea,Yea,Yea,Yea,Yea,Yea,Yea,Yea,Yea,Yea,Yea,Yea,Yea,Yea,Yea,Yea,Yea,Nay,Yea,Yea,Yea,Yea,Yea,Yea,Yea,Yea,Yea,Yea,Yea,Nay,Yea,Yea,Yea,Yea,Yea,Yea,Yea,Yea,Yea,Yea,Yea,Yea,Yea,Yea,Yea,Yea,Yea,Yea,Yea,Yea,Yea,Yea,Yea,Yea,Yea,Yea,Yea,Yea,Yea,Yea,Yea,Yea,Yea,Yea,Yea,Yea,Nay,Nay,Nay,Yea,Yea,Yea,Yea,Yea,Yea,Yea,Yea,Yea,Yea,Yea,Yea,Yea,Yea,Yea,Yea,Yea,Yea,Yea,Yea,Not Voting,Yea,Yea,Yea,Yea,Yea,Yea,Yea,Not Voting,Yea,Yea,Yea,Yea,Nay,Yea,Yea,Yea,Yea,Yea,Yea,Yea,Yea,Yea,Yea,Yea,Yea,Not Voting,Yea,Yea,Yea,Yea,Yea,Yea,Yea,Yea,Yea,Yea,Yea,Yea,Yea,Nay,Nay,Nay,Nay,Yea,Yea,Nay,Yea,Nay,Yea
2017,115,1,Toomey (R-PA),Patrick,Toomey,PA,R,Yea,Nay,Yea,Nay,Yea,Nay,Nay,Nay,Yea,Nay,Yea,Nay,Yea,Nay,Nay,Yea,Yea,Nay,Yea,Nay,Nay,Yea,Nay,Yea,Nay,Yea,Yea,Yea,Yea,Yea,Yea,Yea,Yea,Yea,Yea,Yea,Yea,Yea,Yea,Yea,Yea,Yea,Yea,Yea,Yea,Yea,Yea,Yea,Yea,Yea,Yea,Yea,Not Voting,Yea,Yea,Nay,Yea,Nay,Yea,Yea,Yea,Yea,Yea,Yea,Yea,Yea,Yea,Yea,Yea,Nay,Yea,Yea,Yea,Yea,Yea,Yea,Yea,Yea,Yea,Yea,Yea,Yea,Yea,Yea,Yea,Yea,Yea,Yea,Yea,Yea,Yea,Yea,Yea,Yea,Yea,Yea,Yea,Yea,Yea,Yea,Yea,Not Voting,Yea,Yea,Yea,Yea,Nay,Nay,Nay,Yea,Yea,Yea,Yea,Yea,Yea,Not Voting,Yea,Yea,Yea,Yea,Nay,Yea,Yea,Yea,Yea,Yea,Yea,Not Voting,Yea,Yea,Yea,Yea,Yea,Yea,Yea,Yea,Yea,Not Voting,Yea,Yea,Yea,Yea,Nay,Yea,Yea,Yea,Yea,Yea,Yea,Yea,Yea,Yea,Yea,Yea,Yea,Yea,Yea,Yea,Yea,Yea,Yea,Yea,Yea,Yea,Yea,Not Voting,Yea,Yea,Yea,Nay,Nay,Nay,Nay,Yea,Yea,Nay,Yea,Nay,Yea
2017,115,1,Udall (D-NM),Tom,Udall,NM,D,Nay,Yea,Nay,Yea,Nay,Yea,Yea,Yea,Nay,Yea,Nay,Yea,Nay,Yea,Yea,Nay,Nay,Yea,Nay,Yea,Yea,Nay,Yea,Nay,Yea,Nay,Nay,Yea,Yea,Nay,Nay,Nay,Nay,Nay,Yea,Nay,Nay,Nay,Nay,Nay,Nay,Nay,Nay,Nay,Nay,Nay,Nay,Nay,Nay,Nay,Nay,Nay,Not Voting,Nay,Nay,Yea,Nay,Yea,Nay,Nay,Nay,Nay,Nay,Yea,Nay,Nay,Nay,Nay,Nay,Yea,Nay,Nay,Nay,Yea,Yea,Nay,Nay,Yea,Yea,Nay,Nay,Nay,Nay,Nay,Nay,Nay,Nay,Yea,Nay,Yea,Yea,Nay,Nay,Nay,Nay,Nay,Yea,Yea,Nay,Nay,Nay,Yea,Nay,Nay,Nay,Nay,Yea,Yea,Yea,Nay,Nay,Yea,Yea,Yea,Nay,Nay,Nay,Nay,Nay,Nay,Yea,Yea,Nay,Nay,Nay,Nay,Yea,Nay,Nay,Nay,Nay,Yea,Yea,Yea,Yea,Nay,Not Voting,Yea,Nay,Nay,Yea,Yea,Yea,Yea,Yea,Yea,Yea,Yea,Yea,Yea,Nay,Nay,Yea,Yea,Not Voting,Not Voting,Yea,Yea,Nay,Nay,Yea,Yea,Nay,Nay,Nay,Nay,Nay,Nay,Nay,Yea,Yea,Nay,Present,Nay,Yea,Yea,Nay,Yea,Nay
2017,115,1,Van Hollen (D-MD),Chris,Van Hollen,MD,D,Nay,Yea,Nay,Yea,Nay,Yea,Yea,Yea,Nay,Yea,Nay,Yea,Nay,Yea,Yea,Nay,Nay,Yea,Nay,Yea,Yea,Nay,Yea,Nay,Yea,Nay,Nay,Yea,Yea,Nay,Yea,Nay,Yea,Nay,Yea,Nay,Nay,Nay,Nay,Nay,Nay,Nay,Nay,Nay,Nay,Nay,Nay,Nay,Nay,Nay,Nay,Nay,Yea,Nay,Nay,Yea,Nay,Yea,Nay,Nay,Nay,Nay,Nay,Yea,Nay,Nay,Nay,Nay,Nay,Yea,Nay,Nay,Nay,Nay,Nay,Nay,Nay,Nay,Nay,Nay,Nay,Nay,Nay,Nay,Nay,Nay,Nay,Yea,Yea,Yea,Yea,Nay,Nay,Nay,Nay,Nay,Yea,Yea,Nay,Nay,Nay,Nay,Yea,Nay,Nay,Nay,Yea,Yea,Yea,Nay,Nay,Yea,Yea,Yea,Nay,Nay,Nay,Nay,Nay,Nay,Yea,Nay,Nay,Nay,Nay,Yea,Yea,Nay,Nay,Nay,Nay,Yea,Yea,Yea,Yea,Nay,Nay,Yea,Nay,Yea,Yea,Yea,Yea,Not Voting,Yea,Yea,Yea,Yea,Yea,Yea,Nay,Nay,Yea,Yea,Nay,Nay,Yea,Yea,Yea,Yea,Yea,Yea,Nay,Nay,Nay,Nay,Nay,Nay,Nay,Yea,Yea,Nay,Present,Nay,Yea,Yea,Nay,Yea,Nay
2017,115,1,Warner (D-VA),Mark,Warner,VA,D,Nay,Yea,Nay,Yea,Nay,Yea,Yea,Yea,Nay,Yea,Nay,Yea,Nay,Yea,Yea,Nay,Nay,Yea,Nay,Nay,Yea,Nay,Yea,Nay,Yea,Nay,Yea,Yea,Yea,Yea,Yea,Yea,Yea,Yea,Yea,Yea,Yea,Nay,Nay,Nay,Nay,Nay,Nay,Nay,Nay,Nay,Nay,Nay,Nay,Nay,Nay,Nay,Yea,Nay,Nay,Not Voting,Not Voting,Not Voting,Nay,Nay,Nay,Nay,Nay,Yea,Yea,Nay,Nay,Nay,Nay,Yea,Nay,Yea,Yea,Yea,Yea,Yea,Yea,Yea,Yea,Nay,Nay,Nay,Nay,Nay,Nay,Nay,Nay,Yea,Yea,Yea,Yea,Nay,Nay,Nay,Nay,Nay,Yea,Yea,Nay,Nay,Nay,Yea,Yea,Nay,Nay,Nay,Yea,Yea,Yea,Nay,Nay,Yea,Yea,Yea,Yea,Yea,Yea,Yea,Nay,Nay,Yea,Yea,Nay,Nay,Nay,Yea,Yea,Yea,Yea,Nay,Nay,Yea,Yea,Yea,Yea,Nay,Nay,Yea,Yea,Yea,Yea,Yea,Nay,Yea,Yea,Yea,Yea,Yea,Yea,Yea,Yea,Yea,Yea,Yea,Not Voting,Nay,Yea,Yea,Yea,Yea,Yea,Yea,Nay,Nay,Nay,Nay,Nay,Nay,Nay,Yea,Yea,Nay,Present,Nay,Yea,Nay,Nay,Yea,Nay
2017,115,1,Warren (D-MA),Elizabeth,Warren,MA,D,Nay,Yea,Nay,Yea,Nay,Yea,Yea,Yea,Nay,Yea,Nay,Yea,Nay,Yea,Yea,Nay,Nay,Yea,Nay,Yea,Yea,Nay,Yea,Nay,Yea,Nay,Nay,Yea,Yea,Nay,Nay,Nay,Yea,Nay,Nay,Nay,Nay,Nay,Nay,Nay,Nay,Nay,Nay,Nay,Nay,Nay,Nay,Nay,Nay,Nay,Nay,Nay,Yea,Nay,Nay,Yea,Nay,Yea,Nay,Nay,Nay,Nay,Nay,Yea,Nay,Nay,Nay,Nay,Nay,Yea,Nay,Nay,Nay,Nay,Nay,Nay,Nay,Nay,Nay,Nay,Nay,Nay,Nay,Nay,Nay,Nay,Nay,Nay,Nay,Nay,Yea,Nay,Nay,Nay,Nay,Nay,Yea,Yea,Nay,Nay,Nay,Yea,Nay,Nay,Nay,Nay,Yea,Yea,Yea,Nay,Nay,Nay,Nay,Nay,Nay,Nay,Nay,Nay,Nay,Nay,Yea,Nay,Nay,Nay,Nay,Nay,Nay,Nay,Nay,Nay,Nay,Nay,Nay,Nay,Nay,Nay,Nay,Yea,Nay,Yea,Yea,Yea,Yea,Yea,Yea,Yea,Yea,Nay,Nay,Nay,Nay,Nay,Nay,Nay,Nay,Nay,Yea,Yea,Nay,Nay,Nay,Nay,Nay,Nay,Nay,Nay,Nay,Nay,Nay,Yea,Yea,Nay,Present,Nay,Yea,Yea,Nay,Yea,Nay
2017,115,1,Whitehouse (D-RI),Sheldon,Whitehouse,RI,D,Nay,Yea,Nay,Yea,Nay,Yea,Yea,Yea,Nay,Yea,Nay,Yea,Nay,Yea,Yea,Nay,Nay,Yea,Nay,Yea,Yea,Nay,Yea,Nay,Yea,Nay,Yea,Yea,Yea,Yea,Yea,Yea,Yea,Nay,Yea,Nay,Nay,Nay,Nay,Nay,Nay,Nay,Nay,Nay,Nay,Nay,Nay,Nay,Nay,Nay,Nay,Nay,Yea,Nay,Nay,Yea,Nay,Yea,Nay,Nay,Nay,Nay,Nay,Yea,Nay,Nay,Nay,Nay,Nay,Yea,Nay,Nay,Nay,Nay,Nay,Nay,Nay,Nay,Nay,Nay,Nay,Nay,Nay,Nay,Nay,Nay,Nay,Yea,Yea,Yea,Yea,Nay,Nay,Nay,Nay,Nay,Yea,Yea,Nay,Nay,Nay,Yea,Yea,Nay,Nay,Nay,Yea,Yea,Yea,Nay,Nay,Nay,Yea,Yea,Nay,Nay,Nay,Nay,Nay,Nay,Yea,Nay,Nay,Nay,Nay,Nay,Nay,Nay,Nay,Nay,Nay,Yea,Yea,Yea,Yea,Nay,Nay,Yea,Nay,Yea,Yea,Yea,Yea,Yea,Yea,Yea,Yea,Yea,Yea,Yea,Nay,Nay,Yea,Yea,Nay,Nay,Yea,Yea,Yea,Yea,Yea,Yea,Nay,Nay,Nay,Nay,Nay,Nay,Nay,Yea,Yea,Nay,Present,Nay,Yea,Yea,Nay,Yea,Nay
2017,115,1,Wicker (R-MS),Roger,Wicker,MS,R,Yea,Nay,Nay,Nay,Nay,Nay,Nay,Nay,Yea,Nay,Yea,Nay,Yea,Nay,Nay,Yea,Yea,Nay,Yea,Nay,Nay,Yea,Nay,Yea,Nay,Yea,Yea,Yea,Yea,Yea,Yea,Yea,Yea,Yea,Yea,Yea,Yea,Yea,Yea,Yea,Yea,Yea,Yea,Yea,Yea,Yea,Yea,Yea,Yea,Yea,Yea,Yea,Nay,Yea,Yea,Nay,Yea,Nay,Yea,Yea,Yea,Yea,Yea,Yea,Yea,Yea,Yea,Yea,Yea,Nay,Yea,Yea,Yea,Yea,Yea,Yea,Yea,Yea,Yea,Yea,Yea,Yea,Yea,Yea,Yea,Yea,Yea,Yea,Yea,Yea,Yea,Yea,Yea,Yea,Yea,Yea,Yea,Yea,Yea,Yea,Yea,Yea,Yea,Yea,Yea,Yea,Nay,Nay,Nay,Yea,Yea,Yea,Yea,Yea,Yea,Yea,Yea,Yea,Yea,Yea,Yea,Yea,Yea,Yea,Yea,Yea,Yea,Yea,Yea,Yea,Yea,Yea,Yea,Yea,Yea,Yea,Yea,Yea,Yea,Yea,Yea,Yea,Nay,Yea,Yea,Yea,Yea,Yea,Yea,Yea,Yea,Yea,Yea,Yea,Yea,Yea,Yea,Yea,Yea,Yea,Not Voting,Yea,Yea,Yea,Yea,Yea,Yea,Yea,Yea,Nay,Nay,Nay,Nay,Yea,Yea,Nay,Yea,Nay,Yea
2017,115,1,Wyden (D-OR),Ron,Wyden,OR,D,Nay,Yea,Nay,Yea,Nay,Yea,Yea,Yea,Nay,Yea,Nay,Yea,Nay,Yea,Yea,Nay,Nay,Yea,Nay,Yea,Yea,Nay,Yea,Nay,Yea,Nay,Nay,Yea,Yea,Nay,Nay,Nay,Yea,Nay,Yea,Nay,Nay,Nay,Nay,Nay,Nay,Nay,Nay,Nay,Nay,Nay,Nay,Nay,Nay,Nay,Nay,Nay,Yea,Nay,Nay,Yea,Nay,Yea,Nay,Nay,Nay,Nay,Nay,Yea,Nay,Nay,Nay,Nay,Nay,Yea,Nay,Nay,Nay,Present,Yea,Nay,Nay,Nay,Nay,Nay,Nay,Nay,Nay,Nay,Nay,Nay,Nay,Nay,Nay,Yea,Yea,Nay,Nay,Nay,Nay,Nay,Yea,Yea,Nay,Nay,Nay,Nay,Yea,Nay,Nay,Nay,Yea,Yea,Yea,Nay,Nay,Nay,Yea,Yea,Nay,Nay,Nay,Nay,Nay,Nay,Yea,Nay,Nay,Nay,Nay,Yea,Yea,Nay,Nay,Nay,Nay,Yea,Yea,Yea,Yea,Nay,Nay,Yea,Nay,Yea,Yea,Yea,Yea,Yea,Yea,Yea,Yea,Yea,Yea,Yea,Nay,Nay,Nay,Yea,Nay,Nay,Yea,Yea,Yea,Yea,Yea,Yea,Nay,Nay,Nay,Nay,Nay,Nay,Nay,Yea,Yea,Nay,Present,Nay,Yea,Yea,Nay,Yea,Nay
2017,115,1,Young (R-IN),Todd,Young,IN,R,Yea,Nay,Nay,Nay,Yea,Nay,Nay,Nay,Yea,Nay,Yea,Nay,Yea,Nay,Nay,Yea,Yea,Nay,Yea,Nay,Nay,Yea,Nay,Yea,Nay,Yea,Yea,Yea,Yea,Yea,Yea,Yea,Yea,Yea,Yea,Yea,Yea,Yea,Yea,Yea,Yea,Yea,Yea,Yea,Yea,Yea,Yea,Yea,Yea,Yea,Yea,Yea,Yea,Yea,Yea,Yea,Yea,Nay,Yea,Yea,Yea,Yea,Yea,Yea,Yea,Yea,Yea,Yea,Yea,Nay,Yea,Yea,Yea,Yea,Yea,Yea,Yea,Yea,Yea,Yea,Yea,Yea,Yea,Yea,Yea,Yea,Yea,Yea,Yea,Yea,Yea,Yea,Yea,Yea,Yea,Yea,Yea,Yea,Yea,Yea,Yea,Yea,Yea,Yea,Yea,Yea,Nay,Nay,Nay,Yea,Yea,Yea,Yea,Yea,Yea,Yea,Yea,Yea,Nay,Nay,Yea,Yea,Yea,Yea,Yea,Yea,Yea,Yea,Yea,Yea,Yea,Yea,Yea,Yea,Yea,Yea,Yea,Yea,Yea,Yea,Yea,Yea,Yea,Yea,Yea,Yea,Yea,Yea,Yea,Yea,Yea,Yea,Yea,Yea,Yea,Yea,Yea,Yea,Yea,Yea,Yea,Yea,Yea,Yea,Yea,Yea,Yea,Yea,Yea,Nay,Nay,Nay,Nay,Yea,Yea,Nay,Yea,Nay,Yea
